"ID","日期","縣市別","區域","新增確診人數","累計確診人數"
"1","2021-05-30","南投縣","全區","4","20"
"2","2021-05-30","南投縣","埔里鎮","4","5"
"3","2021-05-30","台中市","全區","9","128"
"4","2021-05-30","台中市","北屯區","6","22"
"5","2021-05-30","台中市","潭子區","1","12"
"6","2021-05-30","台中市","龍井區","1","7"
"7","2021-05-30","台中市","西區","1","3"
"8","2021-05-30","台北市","全區","83","2599"
"9","2021-05-30","台北市","萬華區","19","1210"
"10","2021-05-30","台北市","文山區","7","205"
"11","2021-05-30","台北市","信義區","8","161"
"12","2021-05-30","台北市","中正區","6","156"
"13","2021-05-30","台北市","大同區","2","133"
"14","2021-05-30","台北市","大安區","7","129"
"15","2021-05-30","台北市","士林區","10","127"
"16","2021-05-30","台北市","中山區","4","124"
"17","2021-05-30","台北市","北投區","7","105"
"18","2021-05-30","台北市","松山區","3","91"
"19","2021-05-30","台北市","內湖區","8","83"
"20","2021-05-30","台北市","南港區","2","75"
"21","2021-05-30","台東縣","全區","1","14"
"22","2021-05-30","台東縣","太麻里鄉","1","5"
"23","2021-05-30","嘉義縣","全區","3","8"
"24","2021-05-30","嘉義縣","大林鎮","3","7"
"25","2021-05-30","基隆市","全區","8","126"
"26","2021-05-30","基隆市","安樂區","2","26"
"27","2021-05-30","基隆市","仁愛區","3","21"
"28","2021-05-30","基隆市","七堵區","2","16"
"29","2021-05-30","基隆市","信義區","1","11"
"30","2021-05-30","宜蘭縣","全區","1","67"
"31","2021-05-30","宜蘭縣","礁溪鄉","1","9"
"32","2021-05-30","彰化縣","全區","9","147"
"33","2021-05-30","彰化縣","溪湖鎮","1","49"
"34","2021-05-30","彰化縣","員林市","1","20"
"35","2021-05-30","彰化縣","埔心鄉","2","16"
"36","2021-05-30","彰化縣","埤頭鄉","3","3"
"37","2021-05-30","彰化縣","芳苑鄉","1","2"
"38","2021-05-30","彰化縣","田尾鄉","1","1"
"39","2021-05-30","新北市","全區","198","3325"
"40","2021-05-30","新北市","板橋區","26","761"
"41","2021-05-30","新北市","中和區","23","528"
"42","2021-05-30","新北市","三重區","24","370"
"43","2021-05-30","新北市","新莊區","30","310"
"44","2021-05-30","新北市","永和區","23","276"
"45","2021-05-30","新北市","土城區","18","228"
"46","2021-05-30","新北市","新店區","10","198"
"47","2021-05-30","新北市","蘆洲區","6","126"
"48","2021-05-30","新北市","汐止區","3","93"
"49","2021-05-30","新北市","樹林區","11","90"
"50","2021-05-30","新北市","五股區","7","75"
"51","2021-05-30","新北市","淡水區","5","67"
"52","2021-05-30","新北市","林口區","1","45"
"53","2021-05-30","新北市","三峽區","3","44"
"54","2021-05-30","新北市","泰山區","5","39"
"55","2021-05-30","新北市","鶯歌區","1","14"
"56","2021-05-30","新北市","瑞芳區","2","6"
"57","2021-05-30","新竹市","全區","1","19"
"58","2021-05-30","新竹市","北區","1","3"
"59","2021-05-30","桃園市","全區","24","328"
"60","2021-05-30","桃園市","桃園區","5","99"
"61","2021-05-30","桃園市","龜山區","12","75"
"62","2021-05-30","桃園市","中壢區","1","39"
"63","2021-05-30","桃園市","蘆竹區","2","30"
"64","2021-05-30","桃園市","八德區","1","25"
"65","2021-05-30","桃園市","大溪區","2","6"
"66","2021-05-30","桃園市","大園區","1","5"
"67","2021-05-30","花蓮縣","全區","6","31"
"68","2021-05-30","花蓮縣","花蓮市","6","22"
"69","2021-05-30","苗栗縣","全區","9","20"
"70","2021-05-30","苗栗縣","頭份市","8","11"
"71","2021-05-30","苗栗縣","造橋鄉","1","6"
"72","2021-05-30","連江縣","全區","1","4"
"73","2021-05-30","連江縣","北竿鄉","1","1"
"74","2021-05-30","高雄市","全區","1","46"
"75","2021-05-30","高雄市","鳳山區","1","12"
"76","2021-05-29","台中市","全區","33","119"
"77","2021-05-29","台中市","西屯區","3","21"
"78","2021-05-29","台中市","北屯區","9","16"
"79","2021-05-29","台中市","太平區","2","12"
"80","2021-05-29","台中市","潭子區","7","11"
"81","2021-05-29","台中市","豐原區","8","11"
"82","2021-05-29","台中市","西區","2","2"
"83","2021-05-29","台中市","南屯區","1","2"
"84","2021-05-29","台中市","東勢區","1","1"
"85","2021-05-29","台北市","全區","167","2516"
"86","2021-05-29","台北市","萬華區","42","1191"
"87","2021-05-29","台北市","文山區","15","198"
"88","2021-05-29","台北市","信義區","10","153"
"89","2021-05-29","台北市","中正區","19","150"
"90","2021-05-29","台北市","大同區","8","131"
"91","2021-05-29","台北市","大安區","16","122"
"92","2021-05-29","台北市","中山區","14","120"
"93","2021-05-29","台北市","士林區","9","117"
"94","2021-05-29","台北市","北投區","10","98"
"95","2021-05-29","台北市","松山區","12","88"
"96","2021-05-29","台北市","內湖區","7","75"
"97","2021-05-29","台北市","南港區","5","73"
"98","2021-05-29","台東縣","全區","5","13"
"99","2021-05-29","台東縣","金峰鄉","4","7"
"100","2021-05-29","台東縣","太麻里鄉","1","4"
"101","2021-05-29","嘉義縣","全區","4","5"
"102","2021-05-29","嘉義縣","大林鎮","4","4"
"103","2021-05-29","基隆市","全區","15","118"
"104","2021-05-29","基隆市","中山區","2","30"
"105","2021-05-29","基隆市","安樂區","6","24"
"106","2021-05-29","基隆市","仁愛區","1","18"
"107","2021-05-29","基隆市","中正區","1","12"
"108","2021-05-29","基隆市","信義區","3","10"
"109","2021-05-29","基隆市","暖暖區","2","10"
"110","2021-05-29","宜蘭縣","全區","5","66"
"111","2021-05-29","宜蘭縣","羅東鎮","2","11"
"112","2021-05-29","宜蘭縣","五結鄉","1","10"
"113","2021-05-29","宜蘭縣","礁溪鄉","1","8"
"114","2021-05-29","宜蘭縣","頭城鎮","1","7"
"115","2021-05-29","彰化縣","全區","2","138"
"116","2021-05-29","彰化縣","田中鎮","1","13"
"117","2021-05-29","彰化縣","二林鎮","1","2"
"118","2021-05-29","新北市","全區","221","3127"
"119","2021-05-29","新北市","板橋區","33","735"
"120","2021-05-29","新北市","中和區","33","505"
"121","2021-05-29","新北市","三重區","20","346"
"122","2021-05-29","新北市","新莊區","18","280"
"123","2021-05-29","新北市","永和區","36","253"
"124","2021-05-29","新北市","土城區","20","210"
"125","2021-05-29","新北市","新店區","17","188"
"126","2021-05-29","新北市","蘆洲區","5","120"
"127","2021-05-29","新北市","汐止區","12","90"
"128","2021-05-29","新北市","樹林區","4","79"
"129","2021-05-29","新北市","五股區","3","68"
"130","2021-05-29","新北市","林口區","6","44"
"131","2021-05-29","新北市","三峽區","5","41"
"132","2021-05-29","新北市","泰山區","2","34"
"133","2021-05-29","新北市","深坑區","3","19"
"134","2021-05-29","新北市","八里區","2","14"
"135","2021-05-29","新北市","瑞芳區","1","4"
"136","2021-05-29","新北市","萬里區","1","4"
"137","2021-05-29","新竹市","全區","1","18"
"138","2021-05-29","新竹市","香山區","1","4"
"139","2021-05-29","新竹縣","全區","2","19"
"140","2021-05-29","新竹縣","竹北市","1","17"
"141","2021-05-29","新竹縣","新埔鎮","1","1"
"142","2021-05-29","桃園市","全區","19","304"
"143","2021-05-29","桃園市","桃園區","4","94"
"144","2021-05-29","桃園市","龜山區","4","63"
"145","2021-05-29","桃園市","中壢區","1","38"
"146","2021-05-29","桃園市","八德區","1","24"
"147","2021-05-29","桃園市","平鎮區","2","19"
"148","2021-05-29","桃園市","楊梅區","5","16"
"149","2021-05-29","桃園市","大園區","2","4"
"150","2021-05-29","空值","全區","7","1186"
"151","2021-05-29","空值","空值","7","1186"
"152","2021-05-29","花蓮縣","全區","4","25"
"153","2021-05-29","花蓮縣","花蓮市","4","16"
"154","2021-05-29","苗栗縣","全區","3","11"
"155","2021-05-29","苗栗縣","造橋鄉","1","5"
"156","2021-05-29","苗栗縣","頭份市","2","3"
"157","2021-05-29","雲林縣","全區","1","11"
"158","2021-05-29","雲林縣","斗六市","1","2"
"159","2021-05-29","高雄市","全區","1","45"
"160","2021-05-29","高雄市","三民區","1","4"
"161","2021-05-28","南投縣","全區","1","16"
"162","2021-05-28","南投縣","草屯鎮","1","12"
"163","2021-05-28","台中市","全區","10","86"
"164","2021-05-28","台中市","西屯區","1","18"
"165","2021-05-28","台中市","霧峰區","1","11"
"166","2021-05-28","台中市","太平區","1","10"
"167","2021-05-28","台中市","大雅區","1","7"
"168","2021-05-28","台中市","北屯區","2","7"
"169","2021-05-28","台中市","東區","2","6"
"170","2021-05-28","台中市","石岡區","1","1"
"171","2021-05-28","台中市","南屯區","1","1"
"172","2021-05-28","台北市","全區","209","2349"
"173","2021-05-28","台北市","萬華區","83","1149"
"174","2021-05-28","台北市","文山區","19","183"
"175","2021-05-28","台北市","信義區","10","143"
"176","2021-05-28","台北市","中正區","11","131"
"177","2021-05-28","台北市","大同區","13","123"
"178","2021-05-28","台北市","士林區","9","108"
"179","2021-05-28","台北市","大安區","7","106"
"180","2021-05-28","台北市","中山區","11","106"
"181","2021-05-28","台北市","北投區","20","88"
"182","2021-05-28","台北市","松山區","8","76"
"183","2021-05-28","台北市","內湖區","9","68"
"184","2021-05-28","台北市","南港區","9","68"
"185","2021-05-28","台南市","全區","6","28"
"186","2021-05-28","台南市","白河區","3","3"
"187","2021-05-28","台南市","西港區","3","3"
"188","2021-05-28","台東縣","全區","1","8"
"189","2021-05-28","台東縣","金峰鄉","1","3"
"190","2021-05-28","嘉義市","全區","2","7"
"191","2021-05-28","嘉義市","西區","2","7"
"192","2021-05-28","基隆市","全區","7","103"
"193","2021-05-28","基隆市","中山區","1","28"
"194","2021-05-28","基隆市","中正區","1","11"
"195","2021-05-28","基隆市","暖暖區","2","8"
"196","2021-05-28","基隆市","信義區","3","7"
"197","2021-05-28","屏東縣","全區","1","27"
"198","2021-05-28","屏東縣","東港鎮","1","3"
"199","2021-05-28","彰化縣","全區","9","136"
"200","2021-05-28","彰化縣","溪湖鎮","1","48"
"201","2021-05-28","彰化縣","埔心鄉","1","14"
"202","2021-05-28","彰化縣","田中鎮","2","12"
"203","2021-05-28","彰化縣","和美鎮","3","4"
"204","2021-05-28","彰化縣","二水鄉","1","2"
"205","2021-05-28","彰化縣","二林鎮","1","1"
"206","2021-05-28","新北市","全區","275","2906"
"207","2021-05-28","新北市","板橋區","46","702"
"208","2021-05-28","新北市","中和區","48","472"
"209","2021-05-28","新北市","三重區","26","326"
"210","2021-05-28","新北市","新莊區","28","262"
"211","2021-05-28","新北市","永和區","40","217"
"212","2021-05-28","新北市","土城區","26","190"
"213","2021-05-28","新北市","新店區","4","171"
"214","2021-05-28","新北市","蘆洲區","14","115"
"215","2021-05-28","新北市","汐止區","5","78"
"216","2021-05-28","新北市","樹林區","9","75"
"217","2021-05-28","新北市","五股區","3","65"
"218","2021-05-28","新北市","淡水區","12","62"
"219","2021-05-28","新北市","林口區","3","38"
"220","2021-05-28","新北市","三峽區","3","36"
"221","2021-05-28","新北市","泰山區","2","32"
"222","2021-05-28","新北市","鶯歌區","2","13"
"223","2021-05-28","新北市","金山區","3","8"
"224","2021-05-28","新北市","石碇區","1","7"
"225","2021-05-28","新竹市","全區","1","17"
"226","2021-05-28","新竹市","東區","1","12"
"227","2021-05-28","新竹縣","全區","1","17"
"228","2021-05-28","新竹縣","竹北市","1","16"
"229","2021-05-28","桃園市","全區","22","285"
"230","2021-05-28","桃園市","桃園區","10","90"
"231","2021-05-28","桃園市","龜山區","1","59"
"232","2021-05-28","桃園市","中壢區","4","37"
"233","2021-05-28","桃園市","蘆竹區","1","28"
"234","2021-05-28","桃園市","八德區","3","23"
"235","2021-05-28","桃園市","平鎮區","1","17"
"236","2021-05-28","桃園市","龍潭區","1","7"
"237","2021-05-28","桃園市","觀音區","1","5"
"238","2021-05-28","空值","全區","2","1179"
"239","2021-05-28","空值","空值","2","1179"
"240","2021-05-28","花蓮縣","全區","9","21"
"241","2021-05-28","花蓮縣","花蓮市","5","12"
"242","2021-05-28","花蓮縣","吉安鄉","4","6"
"243","2021-05-28","高雄市","全區","1","44"
"244","2021-05-28","高雄市","鳳山區","1","11"
"245","2021-05-27","南投縣","全區","1","15"
"246","2021-05-27","南投縣","草屯鎮","1","11"
"247","2021-05-27","台中市","全區","10","76"
"248","2021-05-27","台中市","西屯區","2","17"
"249","2021-05-27","台中市","太平區","2","9"
"250","2021-05-27","台中市","大雅區","2","6"
"251","2021-05-27","台中市","龍井區","1","6"
"252","2021-05-27","台中市","北區","1","5"
"253","2021-05-27","台中市","潭子區","1","4"
"254","2021-05-27","台中市","豐原區","1","3"
"255","2021-05-27","台北市","全區","225","2140"
"256","2021-05-27","台北市","萬華區","78","1066"
"257","2021-05-27","台北市","文山區","36","164"
"258","2021-05-27","台北市","信義區","16","133"
"259","2021-05-27","台北市","中正區","20","120"
"260","2021-05-27","台北市","大同區","14","110"
"261","2021-05-27","台北市","士林區","9","99"
"262","2021-05-27","台北市","大安區","12","99"
"263","2021-05-27","台北市","中山區","13","95"
"264","2021-05-27","台北市","北投區","6","68"
"265","2021-05-27","台北市","松山區","9","68"
"266","2021-05-27","台北市","內湖區","8","59"
"267","2021-05-27","台北市","南港區","4","59"
"268","2021-05-27","台南市","全區","1","22"
"269","2021-05-27","台南市","新營區","1","3"
"270","2021-05-27","台東縣","全區","4","7"
"271","2021-05-27","台東縣","太麻里鄉","2","3"
"272","2021-05-27","台東縣","金峰鄉","1","2"
"273","2021-05-27","台東縣","卑南鄉","1","1"
"274","2021-05-27","嘉義市","全區","3","5"
"275","2021-05-27","嘉義市","西區","3","5"
"276","2021-05-27","基隆市","全區","17","96"
"277","2021-05-27","基隆市","中山區","3","27"
"278","2021-05-27","基隆市","安樂區","1","18"
"279","2021-05-27","基隆市","仁愛區","5","17"
"280","2021-05-27","基隆市","七堵區","3","14"
"281","2021-05-27","基隆市","中正區","2","10"
"282","2021-05-27","基隆市","暖暖區","2","6"
"283","2021-05-27","基隆市","信義區","1","4"
"284","2021-05-27","宜蘭縣","全區","10","61"
"285","2021-05-27","宜蘭縣","宜蘭市","3","14"
"286","2021-05-27","宜蘭縣","五結鄉","3","9"
"287","2021-05-27","宜蘭縣","冬山鄉","1","9"
"288","2021-05-27","宜蘭縣","礁溪鄉","3","7"
"289","2021-05-27","屏東縣","全區","3","26"
"290","2021-05-27","屏東縣","九如鄉","1","2"
"291","2021-05-27","屏東縣","東港鎮","1","2"
"292","2021-05-27","屏東縣","萬巒鄉","1","2"
"293","2021-05-27","彰化縣","全區","13","127"
"294","2021-05-27","彰化縣","溪湖鎮","3","47"
"295","2021-05-27","彰化縣","員林市","3","19"
"296","2021-05-27","彰化縣","彰化市","2","15"
"297","2021-05-27","彰化縣","埔心鄉","2","13"
"298","2021-05-27","彰化縣","田中鎮","1","10"
"299","2021-05-27","彰化縣","花壇鄉","1","3"
"300","2021-05-27","彰化縣","二水鄉","1","1"
"301","2021-05-27","新北市","全區","328","2631"
"302","2021-05-27","新北市","板橋區","77","656"
"303","2021-05-27","新北市","中和區","69","424"
"304","2021-05-27","新北市","三重區","43","300"
"305","2021-05-27","新北市","新莊區","20","234"
"306","2021-05-27","新北市","永和區","18","177"
"307","2021-05-27","新北市","新店區","17","167"
"308","2021-05-27","新北市","土城區","8","164"
"309","2021-05-27","新北市","蘆洲區","12","101"
"310","2021-05-27","新北市","汐止區","17","73"
"311","2021-05-27","新北市","樹林區","9","66"
"312","2021-05-27","新北市","五股區","8","62"
"313","2021-05-27","新北市","淡水區","4","50"
"314","2021-05-27","新北市","林口區","3","35"
"315","2021-05-27","新北市","三峽區","9","33"
"316","2021-05-27","新北市","泰山區","2","30"
"317","2021-05-27","新北市","深坑區","4","16"
"318","2021-05-27","新北市","鶯歌區","6","11"
"319","2021-05-27","新北市","石碇區","2","6"
"320","2021-05-27","新竹市","全區","1","16"
"321","2021-05-27","新竹市","東區","1","11"
"322","2021-05-27","新竹縣","全區","5","16"
"323","2021-05-27","新竹縣","竹北市","5","15"
"324","2021-05-27","桃園市","全區","23","263"
"325","2021-05-27","桃園市","桃園區","5","80"
"326","2021-05-27","桃園市","龜山區","4","58"
"327","2021-05-27","桃園市","中壢區","5","33"
"328","2021-05-27","桃園市","八德區","2","20"
"329","2021-05-27","桃園市","平鎮區","1","16"
"330","2021-05-27","桃園市","楊梅區","2","11"
"331","2021-05-27","桃園市","龍潭區","2","6"
"332","2021-05-27","桃園市","大溪區","1","4"
"333","2021-05-27","桃園市","觀音區","1","4"
"334","2021-05-27","空值","全區","4","1177"
"335","2021-05-27","空值","空值","4","1177"
"336","2021-05-27","花蓮縣","全區","6","12"
"337","2021-05-27","花蓮縣","花蓮市","5","7"
"338","2021-05-27","花蓮縣","吉安鄉","1","2"
"339","2021-05-27","苗栗縣","全區","1","8"
"340","2021-05-27","苗栗縣","造橋鄉","1","4"
"341","2021-05-27","連江縣","全區","2","3"
"342","2021-05-27","連江縣","南竿鄉","1","2"
"343","2021-05-27","連江縣","莒光鄉","1","1"
"344","2021-05-27","雲林縣","全區","1","10"
"345","2021-05-27","雲林縣","古坑鄉","1","1"
"346","2021-05-27","高雄市","全區","14","43"
"347","2021-05-27","高雄市","鳳山區","8","10"
"348","2021-05-27","高雄市","前鎮區","1","4"
"349","2021-05-27","高雄市","新興區","1","4"
"350","2021-05-27","高雄市","三民區","1","3"
"351","2021-05-27","高雄市","大社區","1","2"
"352","2021-05-27","高雄市","岡山區","1","1"
"353","2021-05-27","高雄市","旗山區","1","1"
"354","2021-05-26","台中市","全區","11","66"
"355","2021-05-26","台中市","西屯區","3","15"
"356","2021-05-26","台中市","龍井區","1","5"
"357","2021-05-26","台中市","大雅區","2","4"
"358","2021-05-26","台中市","北區","1","4"
"359","2021-05-26","台中市","東區","2","4"
"360","2021-05-26","台中市","豐原區","2","2"
"361","2021-05-26","台北市","全區","308","1915"
"362","2021-05-26","台北市","萬華區","117","988"
"363","2021-05-26","台北市","文山區","24","128"
"364","2021-05-26","台北市","信義區","33","117"
"365","2021-05-26","台北市","中正區","25","100"
"366","2021-05-26","台北市","大同區","20","96"
"367","2021-05-26","台北市","士林區","25","90"
"368","2021-05-26","台北市","大安區","18","87"
"369","2021-05-26","台北市","中山區","12","82"
"370","2021-05-26","台北市","北投區","10","62"
"371","2021-05-26","台北市","松山區","8","59"
"372","2021-05-26","台北市","南港區","9","55"
"373","2021-05-26","台北市","內湖區","7","51"
"374","2021-05-26","台南市","全區","8","21"
"375","2021-05-26","台南市","北區","1","3"
"376","2021-05-26","台南市","安平區","1","3"
"377","2021-05-26","台南市","安南區","2","3"
"378","2021-05-26","台南市","東區","3","3"
"379","2021-05-26","台南市","南區","1","1"
"380","2021-05-26","台東縣","全區","1","3"
"381","2021-05-26","台東縣","金峰鄉","1","1"
"382","2021-05-26","嘉義市","全區","1","2"
"383","2021-05-26","嘉義市","西區","1","2"
"384","2021-05-26","基隆市","全區","13","79"
"385","2021-05-26","基隆市","中山區","7","24"
"386","2021-05-26","基隆市","安樂區","3","17"
"387","2021-05-26","基隆市","七堵區","2","11"
"388","2021-05-26","基隆市","信義區","1","3"
"389","2021-05-26","宜蘭縣","全區","2","51"
"390","2021-05-26","宜蘭縣","南澳鄉","1","2"
"391","2021-05-26","宜蘭縣","蘇澳鎮","1","2"
"392","2021-05-26","屏東縣","全區","2","23"
"393","2021-05-26","屏東縣","屏東市","2","4"
"394","2021-05-26","彰化縣","全區","2","114"
"395","2021-05-26","彰化縣","員林市","1","16"
"396","2021-05-26","彰化縣","花壇鄉","1","2"
"397","2021-05-26","新北市","全區","255","2303"
"398","2021-05-26","新北市","板橋區","65","579"
"399","2021-05-26","新北市","中和區","48","355"
"400","2021-05-26","新北市","三重區","27","257"
"401","2021-05-26","新北市","新莊區","24","214"
"402","2021-05-26","新北市","永和區","13","159"
"403","2021-05-26","新北市","土城區","20","156"
"404","2021-05-26","新北市","新店區","16","150"
"405","2021-05-26","新北市","蘆洲區","9","89"
"406","2021-05-26","新北市","樹林區","6","57"
"407","2021-05-26","新北市","汐止區","12","56"
"408","2021-05-26","新北市","五股區","1","54"
"409","2021-05-26","新北市","淡水區","6","46"
"410","2021-05-26","新北市","林口區","3","32"
"411","2021-05-26","新北市","泰山區","1","28"
"412","2021-05-26","新北市","三峽區","1","24"
"413","2021-05-26","新北市","深坑區","1","12"
"414","2021-05-26","新北市","金山區","1","5"
"415","2021-05-26","新北市","瑞芳區","1","3"
"416","2021-05-26","新竹縣","全區","4","11"
"417","2021-05-26","新竹縣","竹北市","4","10"
"418","2021-05-26","桃園市","全區","25","240"
"419","2021-05-26","桃園市","桃園區","7","75"
"420","2021-05-26","桃園市","龜山區","8","54"
"421","2021-05-26","桃園市","中壢區","2","28"
"422","2021-05-26","桃園市","蘆竹區","2","27"
"423","2021-05-26","桃園市","八德區","3","18"
"424","2021-05-26","桃園市","平鎮區","1","15"
"425","2021-05-26","桃園市","楊梅區","2","9"
"426","2021-05-26","空值","全區","2","1173"
"427","2021-05-26","空值","空值","2","1173"
"428","2021-05-26","花蓮縣","全區","1","6"
"429","2021-05-26","花蓮縣","光復鄉","1","3"
"430","2021-05-26","苗栗縣","全區","1","7"
"431","2021-05-26","苗栗縣","頭份市","1","1"
"432","2021-05-26","連江縣","全區","1","1"
"433","2021-05-26","連江縣","南竿鄉","1","1"
"434","2021-05-26","雲林縣","全區","2","9"
"435","2021-05-26","雲林縣","麥寮鄉","1","2"
"436","2021-05-26","雲林縣","斗六市","1","1"
"437","2021-05-26","高雄市","全區","2","29"
"438","2021-05-26","高雄市","前鎮區","2","3"
"439","2021-05-25","南投縣","全區","2","14"
"440","2021-05-25","南投縣","草屯鎮","2","10"
"441","2021-05-25","台中市","全區","10","55"
"442","2021-05-25","台中市","西屯區","3","12"
"443","2021-05-25","台中市","太平區","1","7"
"444","2021-05-25","台中市","沙鹿區","1","3"
"445","2021-05-25","台中市","大雅區","2","2"
"446","2021-05-25","台中市","東區","2","2"
"447","2021-05-25","台中市","中區","1","1"
"448","2021-05-25","台北市","全區","196","1607"
"449","2021-05-25","台北市","萬華區","101","871"
"450","2021-05-25","台北市","文山區","9","104"
"451","2021-05-25","台北市","信義區","16","84"
"452","2021-05-25","台北市","大同區","7","76"
"453","2021-05-25","台北市","中正區","10","75"
"454","2021-05-25","台北市","中山區","10","70"
"455","2021-05-25","台北市","大安區","14","69"
"456","2021-05-25","台北市","士林區","6","65"
"457","2021-05-25","台北市","北投區","4","52"
"458","2021-05-25","台北市","松山區","4","51"
"459","2021-05-25","台北市","南港區","5","46"
"460","2021-05-25","台北市","內湖區","10","44"
"461","2021-05-25","台南市","全區","4","13"
"462","2021-05-25","台南市","麻豆區","3","4"
"463","2021-05-25","台南市","安平區","1","2"
"464","2021-05-25","台東縣","全區","2","2"
"465","2021-05-25","台東縣","太麻里鄉","1","1"
"466","2021-05-25","台東縣","成功鎮","1","1"
"467","2021-05-25","基隆市","全區","12","66"
"468","2021-05-25","基隆市","中山區","3","17"
"469","2021-05-25","基隆市","仁愛區","2","12"
"470","2021-05-25","基隆市","七堵區","3","9"
"471","2021-05-25","基隆市","中正區","2","8"
"472","2021-05-25","基隆市","暖暖區","1","4"
"473","2021-05-25","基隆市","信義區","1","2"
"474","2021-05-25","宜蘭縣","全區","8","49"
"475","2021-05-25","宜蘭縣","宜蘭市","1","11"
"476","2021-05-25","宜蘭縣","冬山鄉","1","8"
"477","2021-05-25","宜蘭縣","五結鄉","1","6"
"478","2021-05-25","宜蘭縣","頭城鎮","3","6"
"479","2021-05-25","宜蘭縣","礁溪鄉","1","4"
"480","2021-05-25","宜蘭縣","南澳鄉","1","1"
"481","2021-05-25","屏東縣","全區","4","21"
"482","2021-05-25","屏東縣","潮州鎮","1","11"
"483","2021-05-25","屏東縣","長治鄉","1","2"
"484","2021-05-25","屏東縣","東港鎮","1","1"
"485","2021-05-25","屏東縣","萬巒鄉","1","1"
"486","2021-05-25","彰化縣","全區","12","112"
"487","2021-05-25","彰化縣","溪湖鎮","4","44"
"488","2021-05-25","彰化縣","員林市","5","15"
"489","2021-05-25","彰化縣","彰化市","1","13"
"490","2021-05-25","彰化縣","埔心鄉","2","11"
"491","2021-05-25","新北市","全區","249","2048"
"492","2021-05-25","新北市","板橋區","60","514"
"493","2021-05-25","新北市","中和區","34","307"
"494","2021-05-25","新北市","三重區","32","230"
"495","2021-05-25","新北市","新莊區","33","190"
"496","2021-05-25","新北市","永和區","14","146"
"497","2021-05-25","新北市","土城區","7","136"
"498","2021-05-25","新北市","新店區","15","134"
"499","2021-05-25","新北市","蘆洲區","7","80"
"500","2021-05-25","新北市","五股區","7","53"
"501","2021-05-25","新北市","樹林區","8","51"
"502","2021-05-25","新北市","汐止區","12","44"
"503","2021-05-25","新北市","淡水區","2","40"
"504","2021-05-25","新北市","林口區","5","29"
"505","2021-05-25","新北市","泰山區","5","27"
"506","2021-05-25","新北市","三峽區","4","23"
"507","2021-05-25","新北市","八里區","1","12"
"508","2021-05-25","新北市","深坑區","3","11"
"509","2021-05-25","新竹市","全區","4","15"
"510","2021-05-25","新竹市","東區","4","10"
"511","2021-05-25","新竹縣","全區","1","7"
"512","2021-05-25","新竹縣","竹北市","1","6"
"513","2021-05-25","桃園市","全區","23","215"
"514","2021-05-25","桃園市","桃園區","5","68"
"515","2021-05-25","桃園市","龜山區","9","46"
"516","2021-05-25","桃園市","中壢區","2","26"
"517","2021-05-25","桃園市","蘆竹區","1","25"
"518","2021-05-25","桃園市","八德區","3","15"
"519","2021-05-25","桃園市","楊梅區","2","7"
"520","2021-05-25","桃園市","大溪區","1","3"
"521","2021-05-25","空值","全區","2","1171"
"522","2021-05-25","空值","空值","2","1171"
"523","2021-05-25","花蓮縣","全區","1","5"
"524","2021-05-25","花蓮縣","吉安鄉","1","1"
"525","2021-05-25","苗栗縣","全區","2","6"
"526","2021-05-25","苗栗縣","造橋鄉","2","3"
"527","2021-05-25","雲林縣","全區","1","7"
"528","2021-05-25","雲林縣","麥寮鄉","1","1"
"529","2021-05-25","高雄市","全區","3","27"
"530","2021-05-25","高雄市","大寮區","1","6"
"531","2021-05-25","高雄市","大社區","1","1"
"532","2021-05-25","高雄市","仁武區","1","1"
"533","2021-05-24","南投縣","全區","1","12"
"534","2021-05-24","南投縣","竹山鎮","1","1"
"535","2021-05-24","台中市","全區","8","45"
"536","2021-05-24","台中市","西屯區","5","9"
"537","2021-05-24","台中市","太平區","1","6"
"538","2021-05-24","台中市","北屯區","1","5"
"539","2021-05-24","台中市","大里區","1","3"
"540","2021-05-24","台北市","全區","244","1411"
"541","2021-05-24","台北市","萬華區","114","770"
"542","2021-05-24","台北市","文山區","17","95"
"543","2021-05-24","台北市","大同區","9","69"
"544","2021-05-24","台北市","信義區","21","68"
"545","2021-05-24","台北市","中正區","13","65"
"546","2021-05-24","台北市","中山區","10","60"
"547","2021-05-24","台北市","士林區","16","59"
"548","2021-05-24","台北市","大安區","12","55"
"549","2021-05-24","台北市","北投區","11","48"
"550","2021-05-24","台北市","松山區","12","47"
"551","2021-05-24","台北市","南港區","7","41"
"552","2021-05-24","台北市","內湖區","2","34"
"553","2021-05-24","台南市","全區","3","9"
"554","2021-05-24","台南市","北區","2","2"
"555","2021-05-24","台南市","安平區","1","1"
"556","2021-05-24","基隆市","全區","7","54"
"557","2021-05-24","基隆市","中山區","1","14"
"558","2021-05-24","基隆市","安樂區","3","14"
"559","2021-05-24","基隆市","七堵區","1","6"
"560","2021-05-24","基隆市","中正區","2","6"
"561","2021-05-24","屏東縣","全區","3","17"
"562","2021-05-24","屏東縣","潮州鎮","1","10"
"563","2021-05-24","屏東縣","屏東市","1","2"
"564","2021-05-24","屏東縣","長治鄉","1","1"
"565","2021-05-24","彰化縣","全區","12","100"
"566","2021-05-24","彰化縣","溪湖鎮","2","40"
"567","2021-05-24","彰化縣","彰化市","3","12"
"568","2021-05-24","彰化縣","員林市","4","10"
"569","2021-05-24","彰化縣","田中鎮","1","9"
"570","2021-05-24","彰化縣","埔心鄉","1","9"
"571","2021-05-24","彰化縣","大村鄉","1","2"
"572","2021-05-24","新北市","全區","281","1799"
"573","2021-05-24","新北市","板橋區","77","454"
"574","2021-05-24","新北市","中和區","38","273"
"575","2021-05-24","新北市","三重區","23","198"
"576","2021-05-24","新北市","新莊區","20","157"
"577","2021-05-24","新北市","永和區","35","132"
"578","2021-05-24","新北市","土城區","17","129"
"579","2021-05-24","新北市","新店區","17","119"
"580","2021-05-24","新北市","蘆洲區","12","73"
"581","2021-05-24","新北市","五股區","6","46"
"582","2021-05-24","新北市","淡水區","5","38"
"583","2021-05-24","新北市","汐止區","9","32"
"584","2021-05-24","新北市","林口區","12","24"
"585","2021-05-24","新北市","泰山區","4","22"
"586","2021-05-24","新北市","三峽區","1","19"
"587","2021-05-24","新北市","八里區","3","11"
"588","2021-05-24","新北市","石碇區","1","4"
"589","2021-05-24","新北市","石門區","1","1"
"590","2021-05-24","新竹縣","全區","1","6"
"591","2021-05-24","新竹縣","竹北市","1","5"
"592","2021-05-24","桃園市","全區","22","192"
"593","2021-05-24","桃園市","桃園區","8","63"
"594","2021-05-24","桃園市","龜山區","5","37"
"595","2021-05-24","桃園市","中壢區","5","24"
"596","2021-05-24","桃園市","觀音區","2","3"
"597","2021-05-24","桃園市","大園區","1","2"
"598","2021-05-24","桃園市","大溪區","1","2"
"599","2021-05-24","空值","全區","5","1169"
"600","2021-05-24","空值","空值","5","1169"
"601","2021-05-24","苗栗縣","全區","2","4"
"602","2021-05-24","苗栗縣","三灣鄉","1","1"
"603","2021-05-24","苗栗縣","造橋鄉","1","1"
"604","2021-05-24","高雄市","全區","5","24"
"605","2021-05-24","高雄市","大寮區","4","5"
"606","2021-05-24","高雄市","前鎮區","1","1"
"607","2021-05-23","南投縣","全區","8","11"
"608","2021-05-23","南投縣","草屯鎮","6","8"
"609","2021-05-23","南投縣","名間鄉","1","1"
"610","2021-05-23","南投縣","埔里鎮","1","1"
"611","2021-05-23","台中市","全區","5","37"
"612","2021-05-23","台中市","太平區","2","5"
"613","2021-05-23","台中市","西屯區","1","4"
"614","2021-05-23","台中市","北區","1","3"
"615","2021-05-23","台中市","沙鹿區","1","2"
"616","2021-05-23","台北市","全區","166","1167"
"617","2021-05-23","台北市","萬華區","86","656"
"618","2021-05-23","台北市","文山區","14","78"
"619","2021-05-23","台北市","大同區","13","60"
"620","2021-05-23","台北市","中正區","8","52"
"621","2021-05-23","台北市","中山區","10","50"
"622","2021-05-23","台北市","信義區","12","47"
"623","2021-05-23","台北市","士林區","4","43"
"624","2021-05-23","台北市","大安區","4","43"
"625","2021-05-23","台北市","北投區","7","37"
"626","2021-05-23","台北市","松山區","3","35"
"627","2021-05-23","台北市","南港區","5","34"
"628","2021-05-23","台南市","全區","2","6"
"629","2021-05-23","台南市","安南區","1","1"
"630","2021-05-23","台南市","麻豆區","1","1"
"631","2021-05-23","嘉義市","全區","1","1"
"632","2021-05-23","嘉義市","西區","1","1"
"633","2021-05-23","嘉義縣","全區","1","1"
"634","2021-05-23","嘉義縣","溪口鄉","1","1"
"635","2021-05-23","基隆市","全區","5","47"
"636","2021-05-23","基隆市","中山區","3","13"
"637","2021-05-23","基隆市","安樂區","1","11"
"638","2021-05-23","基隆市","仁愛區","1","10"
"639","2021-05-23","宜蘭縣","全區","7","41"
"640","2021-05-23","宜蘭縣","羅東鎮","1","9"
"641","2021-05-23","宜蘭縣","冬山鄉","1","7"
"642","2021-05-23","宜蘭縣","頭城鎮","2","3"
"643","2021-05-23","宜蘭縣","礁溪鄉","2","3"
"644","2021-05-23","宜蘭縣","壯圍鄉","1","1"
"645","2021-05-23","屏東縣","全區","8","14"
"646","2021-05-23","屏東縣","潮州鎮","7","9"
"647","2021-05-23","屏東縣","九如鄉","1","1"
"648","2021-05-23","彰化縣","全區","11","88"
"649","2021-05-23","彰化縣","溪湖鎮","5","38"
"650","2021-05-23","彰化縣","永靖鄉","2","6"
"651","2021-05-23","彰化縣","員林市","1","6"
"652","2021-05-23","彰化縣","秀水鄉","2","2"
"653","2021-05-23","彰化縣","大村鄉","1","1"
"654","2021-05-23","新北市","全區","206","1518"
"655","2021-05-23","新北市","板橋區","46","377"
"656","2021-05-23","新北市","中和區","28","235"
"657","2021-05-23","新北市","三重區","22","175"
"658","2021-05-23","新北市","新莊區","21","137"
"659","2021-05-23","新北市","土城區","17","112"
"660","2021-05-23","新北市","新店區","7","102"
"661","2021-05-23","新北市","永和區","12","97"
"662","2021-05-23","新北市","蘆洲區","9","61"
"663","2021-05-23","新北市","樹林區","7","43"
"664","2021-05-23","新北市","五股區","8","40"
"665","2021-05-23","新北市","淡水區","12","33"
"666","2021-05-23","新北市","汐止區","2","23"
"667","2021-05-23","新北市","三峽區","2","18"
"668","2021-05-23","新北市","泰山區","8","18"
"669","2021-05-23","新北市","林口區","1","12"
"670","2021-05-23","新北市","八里區","2","8"
"671","2021-05-23","新北市","深坑區","1","8"
"672","2021-05-23","新北市","瑞芳區","1","2"
"673","2021-05-23","新竹市","全區","2","11"
"674","2021-05-23","新竹市","東區","1","6"
"675","2021-05-23","新竹市","北區","1","2"
"676","2021-05-23","新竹縣","全區","1","5"
"677","2021-05-23","新竹縣","竹北市","1","4"
"678","2021-05-23","桃園市","全區","24","170"
"679","2021-05-23","桃園市","桃園區","10","55"
"680","2021-05-23","桃園市","龜山區","3","32"
"681","2021-05-23","桃園市","中壢區","4","19"
"682","2021-05-23","桃園市","平鎮區","3","14"
"683","2021-05-23","桃園市","楊梅區","2","5"
"684","2021-05-23","桃園市","龍潭區","1","4"
"685","2021-05-23","桃園市","新屋區","1","2"
"686","2021-05-23","空值","全區","3","1164"
"687","2021-05-23","空值","空值","3","1164"
"688","2021-05-23","花蓮縣","全區","1","4"
"689","2021-05-23","花蓮縣","光復鄉","1","2"
"690","2021-05-23","雲林縣","全區","2","6"
"691","2021-05-23","雲林縣","西螺鎮","1","2"
"692","2021-05-23","雲林縣","東勢鄉","1","1"
"693","2021-05-22","南投縣","全區","1","3"
"694","2021-05-22","南投縣","草屯鎮","1","2"
"695","2021-05-22","台中市","全區","11","32"
"696","2021-05-22","台中市","霧峰區","4","10"
"697","2021-05-22","台中市","北屯區","3","4"
"698","2021-05-22","台中市","龍井區","2","4"
"699","2021-05-22","台中市","潭子區","1","3"
"700","2021-05-22","台中市","北區","1","2"
"701","2021-05-22","台北市","全區","262","1001"
"702","2021-05-22","台北市","萬華區","168","570"
"703","2021-05-22","台北市","文山區","17","64"
"704","2021-05-22","台北市","大同區","7","47"
"705","2021-05-22","台北市","中正區","8","44"
"706","2021-05-22","台北市","中山區","8","40"
"707","2021-05-22","台北市","士林區","13","39"
"708","2021-05-22","台北市","大安區","6","39"
"709","2021-05-22","台北市","信義區","2","35"
"710","2021-05-22","台北市","內湖區","10","32"
"711","2021-05-22","台北市","松山區","10","32"
"712","2021-05-22","台北市","北投區","6","30"
"713","2021-05-22","台北市","南港區","7","29"
"714","2021-05-22","台南市","全區","1","4"
"715","2021-05-22","台南市","佳里區","1","1"
"716","2021-05-22","基隆市","全區","10","42"
"717","2021-05-22","基隆市","中山區","8","10"
"718","2021-05-22","基隆市","七堵區","2","5"
"719","2021-05-22","宜蘭縣","全區","3","34"
"720","2021-05-22","宜蘭縣","宜蘭市","1","10"
"721","2021-05-22","宜蘭縣","冬山鄉","2","6"
"722","2021-05-22","屏東縣","全區","5","6"
"723","2021-05-22","屏東縣","潮州鎮","1","2"
"724","2021-05-22","屏東縣","鹽埔鄉","2","2"
"725","2021-05-22","屏東縣","竹田鄉","1","1"
"726","2021-05-22","屏東縣","屏東市","1","1"
"727","2021-05-22","彰化縣","全區","4","77"
"728","2021-05-22","彰化縣","溪湖鎮","1","33"
"729","2021-05-22","彰化縣","田中鎮","1","8"
"730","2021-05-22","彰化縣","伸港鄉","1","1"
"731","2021-05-22","彰化縣","鹿港鎮","1","1"
"732","2021-05-22","新北市","全區","389","1312"
"733","2021-05-22","新北市","板橋區","110","331"
"734","2021-05-22","新北市","中和區","46","207"
"735","2021-05-22","新北市","三重區","51","153"
"736","2021-05-22","新北市","新莊區","56","116"
"737","2021-05-22","新北市","土城區","22","95"
"738","2021-05-22","新北市","新店區","20","95"
"739","2021-05-22","新北市","永和區","25","85"
"740","2021-05-22","新北市","蘆洲區","11","52"
"741","2021-05-22","新北市","樹林區","13","36"
"742","2021-05-22","新北市","五股區","11","32"
"743","2021-05-22","新北市","汐止區","7","21"
"744","2021-05-22","新北市","淡水區","2","21"
"745","2021-05-22","新北市","三峽區","4","16"
"746","2021-05-22","新北市","林口區","3","11"
"747","2021-05-22","新北市","泰山區","3","10"
"748","2021-05-22","新北市","深坑區","1","7"
"749","2021-05-22","新北市","八里區","1","6"
"750","2021-05-22","新北市","鶯歌區","1","5"
"751","2021-05-22","新北市","金山區","1","4"
"752","2021-05-22","新北市","石碇區","1","3"
"753","2021-05-22","新竹市","全區","3","9"
"754","2021-05-22","新竹市","香山區","3","3"
"755","2021-05-22","新竹縣","全區","2","4"
"756","2021-05-22","新竹縣","竹北市","1","3"
"757","2021-05-22","新竹縣","新豐鄉","1","1"
"758","2021-05-22","桃園市","全區","21","146"
"759","2021-05-22","桃園市","桃園區","7","45"
"760","2021-05-22","桃園市","龜山區","3","29"
"761","2021-05-22","桃園市","蘆竹區","2","24"
"762","2021-05-22","桃園市","中壢區","2","15"
"763","2021-05-22","桃園市","八德區","2","12"
"764","2021-05-22","桃園市","平鎮區","2","11"
"765","2021-05-22","桃園市","龍潭區","2","3"
"766","2021-05-22","桃園市","觀音區","1","1"
"767","2021-05-22","空值","全區","2","1161"
"768","2021-05-22","空值","空值","2","1161"
"769","2021-05-22","花蓮縣","全區","3","3"
"770","2021-05-22","花蓮縣","花蓮市","2","2"
"771","2021-05-22","花蓮縣","光復鄉","1","1"
"772","2021-05-22","苗栗縣","全區","1","2"
"773","2021-05-22","苗栗縣","後龍鎮","1","2"
"774","2021-05-22","雲林縣","全區","1","4"
"775","2021-05-22","雲林縣","西螺鎮","1","1"
"776","2021-05-22","高雄市","全區","3","19"
"777","2021-05-22","高雄市","新興區","1","3"
"778","2021-05-22","高雄市","三民區","1","2"
"779","2021-05-22","高雄市","左營區","1","2"
"780","2021-05-21","南投縣","全區","1","2"
"781","2021-05-21","南投縣","草屯鎮","1","1"
"782","2021-05-21","台中市","全區","6","21"
"783","2021-05-21","台中市","霧峰區","2","6"
"784","2021-05-21","台中市","太平區","1","3"
"785","2021-05-21","台中市","西屯區","1","3"
"786","2021-05-21","台中市","潭子區","1","2"
"787","2021-05-21","台中市","龍井區","1","2"
"788","2021-05-21","台北市","全區","125","739"
"789","2021-05-21","台北市","萬華區","60","402"
"790","2021-05-21","台北市","文山區","11","47"
"791","2021-05-21","台北市","大同區","12","40"
"792","2021-05-21","台北市","中正區","6","36"
"793","2021-05-21","台北市","大安區","5","33"
"794","2021-05-21","台北市","信義區","6","33"
"795","2021-05-21","台北市","中山區","8","32"
"796","2021-05-21","台北市","士林區","6","26"
"797","2021-05-21","台北市","北投區","5","24"
"798","2021-05-21","台北市","內湖區","3","22"
"799","2021-05-21","台北市","松山區","1","22"
"800","2021-05-21","台北市","南港區","2","22"
"801","2021-05-21","基隆市","全區","8","32"
"802","2021-05-21","基隆市","安樂區","2","10"
"803","2021-05-21","基隆市","仁愛區","3","9"
"804","2021-05-21","基隆市","中正區","1","4"
"805","2021-05-21","基隆市","七堵區","1","3"
"806","2021-05-21","基隆市","暖暖區","1","3"
"807","2021-05-21","宜蘭縣","全區","2","31"
"808","2021-05-21","宜蘭縣","羅東鎮","1","8"
"809","2021-05-21","宜蘭縣","員山鄉","1","1"
"810","2021-05-21","屏東縣","全區","1","1"
"811","2021-05-21","屏東縣","潮州鎮","1","1"
"812","2021-05-21","彰化縣","全區","5","73"
"813","2021-05-21","彰化縣","溪湖鎮","2","32"
"814","2021-05-21","彰化縣","永靖鄉","2","4"
"815","2021-05-21","彰化縣","芬園鄉","1","2"
"816","2021-05-21","新北市","全區","148","923"
"817","2021-05-21","新北市","板橋區","39","221"
"818","2021-05-21","新北市","中和區","19","161"
"819","2021-05-21","新北市","三重區","28","102"
"820","2021-05-21","新北市","新店區","6","75"
"821","2021-05-21","新北市","土城區","12","73"
"822","2021-05-21","新北市","永和區","10","60"
"823","2021-05-21","新北市","新莊區","9","60"
"824","2021-05-21","新北市","蘆洲區","5","41"
"825","2021-05-21","新北市","樹林區","1","23"
"826","2021-05-21","新北市","五股區","3","21"
"827","2021-05-21","新北市","淡水區","5","19"
"828","2021-05-21","新北市","三峽區","3","12"
"829","2021-05-21","新北市","林口區","1","8"
"830","2021-05-21","新北市","泰山區","1","7"
"831","2021-05-21","新北市","深坑區","2","6"
"832","2021-05-21","新北市","八里區","1","5"
"833","2021-05-21","新北市","萬里區","1","3"
"834","2021-05-21","新北市","三芝區","1","1"
"835","2021-05-21","新北市","瑞芳區","1","1"
"836","2021-05-21","桃園市","全區","11","125"
"837","2021-05-21","桃園市","桃園區","6","38"
"838","2021-05-21","桃園市","龜山區","2","26"
"839","2021-05-21","桃園市","平鎮區","2","9"
"840","2021-05-21","桃園市","楊梅區","1","3"
"841","2021-05-21","空值","全區","3","1159"
"842","2021-05-21","空值","空值","3","1159"
"843","2021-05-21","雲林縣","全區","1","3"
"844","2021-05-21","雲林縣","林內鄉","1","2"
"845","2021-05-21","高雄市","全區","4","16"
"846","2021-05-21","高雄市","鼓山區","3","5"
"847","2021-05-21","高雄市","左營區","1","1"
"848","2021-05-20","台中市","全區","3","15"
"849","2021-05-20","台中市","霧峰區","3","4"
"850","2021-05-20","台北市","全區","82","614"
"851","2021-05-20","台北市","萬華區","39","342"
"852","2021-05-20","台北市","文山區","3","36"
"853","2021-05-20","台北市","中正區","5","30"
"854","2021-05-20","台北市","大同區","2","28"
"855","2021-05-20","台北市","大安區","2","28"
"856","2021-05-20","台北市","信義區","7","27"
"857","2021-05-20","台北市","中山區","8","24"
"858","2021-05-20","台北市","松山區","2","21"
"859","2021-05-20","台北市","士林區","2","20"
"860","2021-05-20","台北市","南港區","4","20"
"861","2021-05-20","台北市","內湖區","3","19"
"862","2021-05-20","台北市","北投區","5","19"
"863","2021-05-20","基隆市","全區","5","24"
"864","2021-05-20","基隆市","安樂區","2","8"
"865","2021-05-20","基隆市","仁愛區","1","6"
"866","2021-05-20","基隆市","七堵區","1","2"
"867","2021-05-20","基隆市","暖暖區","1","2"
"868","2021-05-20","宜蘭縣","全區","8","29"
"869","2021-05-20","宜蘭縣","宜蘭市","5","9"
"870","2021-05-20","宜蘭縣","羅東鎮","1","7"
"871","2021-05-20","宜蘭縣","冬山鄉","1","4"
"872","2021-05-20","宜蘭縣","三星鄉","1","1"
"873","2021-05-20","彰化縣","全區","6","68"
"874","2021-05-20","彰化縣","溪湖鎮","2","30"
"875","2021-05-20","彰化縣","田中鎮","1","7"
"876","2021-05-20","彰化縣","永靖鄉","1","2"
"877","2021-05-20","彰化縣","溪州鄉","1","2"
"878","2021-05-20","彰化縣","芬園鄉","1","1"
"879","2021-05-20","新北市","全區","161","775"
"880","2021-05-20","新北市","板橋區","35","182"
"881","2021-05-20","新北市","中和區","40","142"
"882","2021-05-20","新北市","三重區","9","74"
"883","2021-05-20","新北市","新店區","22","69"
"884","2021-05-20","新北市","土城區","9","61"
"885","2021-05-20","新北市","新莊區","11","51"
"886","2021-05-20","新北市","永和區","7","50"
"887","2021-05-20","新北市","蘆洲區","4","36"
"888","2021-05-20","新北市","樹林區","4","22"
"889","2021-05-20","新北市","五股區","3","18"
"890","2021-05-20","新北市","汐止區","6","14"
"891","2021-05-20","新北市","淡水區","2","14"
"892","2021-05-20","新北市","三峽區","4","9"
"893","2021-05-20","新北市","林口區","1","7"
"894","2021-05-20","新北市","泰山區","1","6"
"895","2021-05-20","新北市","八里區","1","4"
"896","2021-05-20","新北市","金山區","2","3"
"897","2021-05-20","桃園市","全區","17","114"
"898","2021-05-20","桃園市","桃園區","5","32"
"899","2021-05-20","桃園市","龜山區","4","24"
"900","2021-05-20","桃園市","蘆竹區","1","22"
"901","2021-05-20","桃園市","中壢區","1","13"
"902","2021-05-20","桃園市","八德區","1","10"
"903","2021-05-20","桃園市","平鎮區","3","7"
"904","2021-05-20","桃園市","大溪區","1","1"
"905","2021-05-20","桃園市","新屋區","1","1"
"906","2021-05-20","空值","全區","9","1156"
"907","2021-05-20","空值","空值","9","1156"
"908","2021-05-20","雲林縣","全區","1","2"
"909","2021-05-20","雲林縣","林內鄉","1","1"
"910","2021-05-20","高雄市","全區","2","12"
"911","2021-05-20","高雄市","前金區","1","2"
"912","2021-05-20","高雄市","鳳山區","1","2"
"913","2021-05-19","台中市","全區","5","12"
"914","2021-05-19","台中市","大里區","1","2"
"915","2021-05-19","台中市","西屯區","1","2"
"916","2021-05-19","台中市","沙鹿區","1","1"
"917","2021-05-19","台中市","潭子區","1","1"
"918","2021-05-19","台中市","霧峰區","1","1"
"919","2021-05-19","台北市","全區","70","532"
"920","2021-05-19","台北市","萬華區","33","303"
"921","2021-05-19","台北市","文山區","6","33"
"922","2021-05-19","台北市","大同區","1","26"
"923","2021-05-19","台北市","大安區","4","26"
"924","2021-05-19","台北市","中正區","2","25"
"925","2021-05-19","台北市","信義區","1","20"
"926","2021-05-19","台北市","松山區","4","19"
"927","2021-05-19","台北市","士林區","10","18"
"928","2021-05-19","台北市","中山區","2","16"
"929","2021-05-19","台北市","內湖區","2","16"
"930","2021-05-19","台北市","南港區","4","16"
"931","2021-05-19","台北市","北投區","1","14"
"932","2021-05-19","台南市","全區","2","3"
"933","2021-05-19","台南市","新營區","2","2"
"934","2021-05-19","基隆市","全區","5","19"
"935","2021-05-19","基隆市","安樂區","1","6"
"936","2021-05-19","基隆市","仁愛區","3","5"
"937","2021-05-19","基隆市","暖暖區","1","1"
"938","2021-05-19","宜蘭縣","全區","3","21"
"939","2021-05-19","宜蘭縣","宜蘭市","3","4"
"940","2021-05-19","彰化縣","全區","28","62"
"941","2021-05-19","彰化縣","溪湖鎮","18","28"
"942","2021-05-19","彰化縣","埔心鄉","6","8"
"943","2021-05-19","彰化縣","員林市","3","5"
"944","2021-05-19","彰化縣","芳苑鄉","1","1"
"945","2021-05-19","新北市","全區","130","614"
"946","2021-05-19","新北市","板橋區","23","147"
"947","2021-05-19","新北市","中和區","25","102"
"948","2021-05-19","新北市","三重區","11","65"
"949","2021-05-19","新北市","土城區","13","52"
"950","2021-05-19","新北市","新店區","22","47"
"951","2021-05-19","新北市","永和區","10","43"
"952","2021-05-19","新北市","新莊區","6","40"
"953","2021-05-19","新北市","蘆洲區","5","32"
"954","2021-05-19","新北市","樹林區","3","18"
"955","2021-05-19","新北市","五股區","1","15"
"956","2021-05-19","新北市","淡水區","1","12"
"957","2021-05-19","新北市","汐止區","1","8"
"958","2021-05-19","新北市","林口區","2","6"
"959","2021-05-19","新北市","三峽區","1","5"
"960","2021-05-19","新北市","泰山區","1","5"
"961","2021-05-19","新北市","深坑區","1","4"
"962","2021-05-19","新北市","鶯歌區","2","4"
"963","2021-05-19","新北市","石碇區","1","2"
"964","2021-05-19","新北市","萬里區","1","2"
"965","2021-05-19","新竹市","全區","2","6"
"966","2021-05-19","新竹市","東區","1","5"
"967","2021-05-19","新竹市","北區","1","1"
"968","2021-05-19","桃園市","全區","15","97"
"969","2021-05-19","桃園市","桃園區","3","27"
"970","2021-05-19","桃園市","龜山區","3","20"
"971","2021-05-19","桃園市","中壢區","3","12"
"972","2021-05-19","桃園市","八德區","3","9"
"973","2021-05-19","桃園市","平鎮區","1","4"
"974","2021-05-19","桃園市","楊梅區","1","2"
"975","2021-05-19","桃園市","龍潭區","1","1"
"976","2021-05-19","空值","全區","8","1147"
"977","2021-05-19","空值","空值","8","1147"
"978","2021-05-19","高雄市","全區","6","10"
"979","2021-05-19","高雄市","新興區","1","2"
"980","2021-05-19","高雄市","鼓山區","2","2"
"981","2021-05-19","高雄市","三民區","1","1"
"982","2021-05-19","高雄市","前金區","1","1"
"983","2021-05-19","高雄市","鳳山區","1","1"
"984","2021-05-18","台北市","全區","103","462"
"985","2021-05-18","台北市","萬華區","50","270"
"986","2021-05-18","台北市","文山區","14","27"
"987","2021-05-18","台北市","大同區","9","25"
"988","2021-05-18","台北市","中正區","6","23"
"989","2021-05-18","台北市","大安區","3","22"
"990","2021-05-18","台北市","信義區","9","19"
"991","2021-05-18","台北市","松山區","3","15"
"992","2021-05-18","台北市","中山區","3","14"
"993","2021-05-18","台北市","內湖區","1","14"
"994","2021-05-18","台北市","北投區","1","13"
"995","2021-05-18","台北市","南港區","3","12"
"996","2021-05-18","台北市","士林區","1","8"
"997","2021-05-18","基隆市","全區","3","14"
"998","2021-05-18","基隆市","安樂區","2","5"
"999","2021-05-18","基隆市","仁愛區","1","2"
"1000","2021-05-18","彰化縣","全區","10","34"
"1001","2021-05-18","彰化縣","溪湖鎮","4","10"
"1002","2021-05-18","彰化縣","彰化市","2","9"
"1003","2021-05-18","彰化縣","員林市","1","2"
"1004","2021-05-18","彰化縣","埔心鄉","2","2"
"1005","2021-05-18","彰化縣","永靖鄉","1","1"
"1006","2021-05-18","新北市","全區","104","484"
"1007","2021-05-18","新北市","板橋區","27","124"
"1008","2021-05-18","新北市","中和區","31","77"
"1009","2021-05-18","新北市","三重區","5","54"
"1010","2021-05-18","新北市","土城區","6","39"
"1011","2021-05-18","新北市","新莊區","7","34"
"1012","2021-05-18","新北市","永和區","1","33"
"1013","2021-05-18","新北市","蘆洲區","3","27"
"1014","2021-05-18","新北市","新店區","7","25"
"1015","2021-05-18","新北市","樹林區","3","15"
"1016","2021-05-18","新北市","五股區","4","14"
"1017","2021-05-18","新北市","淡水區","1","11"
"1018","2021-05-18","新北市","汐止區","3","7"
"1019","2021-05-18","新北市","三峽區","1","4"
"1020","2021-05-18","新北市","林口區","1","4"
"1021","2021-05-18","新北市","泰山區","1","4"
"1022","2021-05-18","新北市","深坑區","1","3"
"1023","2021-05-18","新北市","鶯歌區","1","2"
"1024","2021-05-18","新北市","貢寮區","1","1"
"1025","2021-05-18","新竹市","全區","1","4"
"1026","2021-05-18","新竹市","東區","1","4"
"1027","2021-05-18","桃園市","全區","12","82"
"1028","2021-05-18","桃園市","桃園區","2","24"
"1029","2021-05-18","桃園市","蘆竹區","5","21"
"1030","2021-05-18","桃園市","龜山區","2","17"
"1031","2021-05-18","桃園市","八德區","2","6"
"1032","2021-05-18","桃園市","楊梅區","1","1"
"1033","2021-05-18","空值","全區","5","1139"
"1034","2021-05-18","空值","空值","5","1139"
"1035","2021-05-18","雲林縣","全區","1","1"
"1036","2021-05-18","雲林縣","元長鄉","1","1"
"1037","2021-05-18","高雄市","全區","3","4"
"1038","2021-05-18","高雄市","小港區","1","2"
"1039","2021-05-18","高雄市","大寮區","1","1"
"1040","2021-05-18","高雄市","新興區","1","1"
"1041","2021-05-17","台中市","全區","1","7"
"1042","2021-05-17","台中市","西屯區","1","1"
"1043","2021-05-17","台北市","全區","158","359"
"1044","2021-05-17","台北市","萬華區","95","220"
"1045","2021-05-17","台北市","大安區","6","19"
"1046","2021-05-17","台北市","中正區","9","17"
"1047","2021-05-17","台北市","大同區","10","16"
"1048","2021-05-17","台北市","內湖區","4","13"
"1049","2021-05-17","台北市","文山區","7","13"
"1050","2021-05-17","台北市","北投區","5","12"
"1051","2021-05-17","台北市","松山區","6","12"
"1052","2021-05-17","台北市","中山區","9","11"
"1053","2021-05-17","台北市","信義區","2","10"
"1054","2021-05-17","台北市","士林區","5","7"
"1055","2021-05-17","基隆市","全區","6","11"
"1056","2021-05-17","基隆市","中正區","2","3"
"1057","2021-05-17","基隆市","安樂區","2","3"
"1058","2021-05-17","基隆市","七堵區","1","1"
"1059","2021-05-17","基隆市","信義區","1","1"
"1060","2021-05-17","宜蘭縣","全區","2","18"
"1061","2021-05-17","宜蘭縣","五結鄉","1","5"
"1062","2021-05-17","宜蘭縣","礁溪鄉","1","1"
"1063","2021-05-17","彰化縣","全區","5","24"
"1064","2021-05-17","彰化縣","田中鎮","1","6"
"1065","2021-05-17","彰化縣","溪湖鎮","2","6"
"1066","2021-05-17","彰化縣","花壇鄉","1","1"
"1067","2021-05-17","彰化縣","員林市","1","1"
"1068","2021-05-17","新北市","全區","148","380"
"1069","2021-05-17","新北市","板橋區","40","97"
"1070","2021-05-17","新北市","三重區","21","49"
"1071","2021-05-17","新北市","中和區","18","46"
"1072","2021-05-17","新北市","土城區","18","33"
"1073","2021-05-17","新北市","永和區","12","32"
"1074","2021-05-17","新北市","新莊區","4","27"
"1075","2021-05-17","新北市","蘆洲區","6","24"
"1076","2021-05-17","新北市","新店區","8","18"
"1077","2021-05-17","新北市","樹林區","5","12"
"1078","2021-05-17","新北市","五股區","2","10"
"1079","2021-05-17","新北市","淡水區","5","10"
"1080","2021-05-17","新北市","八里區","2","3"
"1081","2021-05-17","新北市","三峽區","1","3"
"1082","2021-05-17","新北市","泰山區","2","3"
"1083","2021-05-17","新北市","深坑區","2","2"
"1084","2021-05-17","新北市","石碇區","1","1"
"1085","2021-05-17","新北市","金山區","1","1"
"1086","2021-05-17","新竹縣","全區","1","2"
"1087","2021-05-17","新竹縣","竹北市","1","2"
"1088","2021-05-17","桃園市","全區","10","70"
"1089","2021-05-17","桃園市","桃園區","1","22"
"1090","2021-05-17","桃園市","蘆竹區","3","16"
"1091","2021-05-17","桃園市","龜山區","4","15"
"1092","2021-05-17","桃園市","中壢區","1","9"
"1093","2021-05-17","桃園市","八德區","1","4"
"1094","2021-05-17","空值","全區","2","1134"
"1095","2021-05-17","空值","空值","2","1134"
"1096","2021-05-17","苗栗縣","全區","1","1"
"1097","2021-05-17","苗栗縣","後龍鎮","1","1"
"1098","2021-05-16","台北市","全區","93","201"
"1099","2021-05-16","台北市","萬華區","64","125"
"1100","2021-05-16","台北市","大安區","6","13"
"1101","2021-05-16","台北市","內湖區","2","9"
"1102","2021-05-16","台北市","南港區","5","9"
"1103","2021-05-16","台北市","中正區","3","8"
"1104","2021-05-16","台北市","信義區","4","8"
"1105","2021-05-16","台北市","大同區","1","6"
"1106","2021-05-16","台北市","文山區","3","6"
"1107","2021-05-16","台北市","松山區","1","6"
"1108","2021-05-16","台北市","士林區","2","2"
"1109","2021-05-16","台北市","中山區","2","2"
"1110","2021-05-16","基隆市","全區","2","5"
"1111","2021-05-16","基隆市","中山區","1","2"
"1112","2021-05-16","基隆市","安樂區","1","1"
"1113","2021-05-16","宜蘭縣","全區","3","16"
"1114","2021-05-16","宜蘭縣","羅東鎮","2","6"
"1115","2021-05-16","宜蘭縣","五結鄉","1","4"
"1116","2021-05-16","彰化縣","全區","9","19"
"1117","2021-05-16","彰化縣","彰化市","4","7"
"1118","2021-05-16","彰化縣","田中鎮","3","5"
"1119","2021-05-16","彰化縣","溪湖鎮","1","4"
"1120","2021-05-16","彰化縣","溪州鄉","1","1"
"1121","2021-05-16","新北市","全區","92","232"
"1122","2021-05-16","新北市","板橋區","32","57"
"1123","2021-05-16","新北市","三重區","9","28"
"1124","2021-05-16","新北市","中和區","12","28"
"1125","2021-05-16","新北市","新莊區","7","23"
"1126","2021-05-16","新北市","永和區","6","20"
"1127","2021-05-16","新北市","蘆洲區","7","18"
"1128","2021-05-16","新北市","土城區","8","15"
"1129","2021-05-16","新北市","新店區","2","10"
"1130","2021-05-16","新北市","五股區","1","8"
"1131","2021-05-16","新北市","樹林區","4","7"
"1132","2021-05-16","新北市","汐止區","1","4"
"1133","2021-05-16","新北市","三峽區","1","2"
"1134","2021-05-16","新北市","泰山區","1","1"
"1135","2021-05-16","新北市","鶯歌區","1","1"
"1136","2021-05-16","新竹縣","全區","1","1"
"1137","2021-05-16","新竹縣","竹北市","1","1"
"1138","2021-05-16","桃園市","全區","3","60"
"1139","2021-05-16","桃園市","龜山區","1","11"
"1140","2021-05-16","桃園市","中壢區","1","8"
"1141","2021-05-16","桃園市","平鎮區","1","3"
"1142","2021-05-16","空值","全區","1","1132"
"1143","2021-05-16","空值","空值","1","1132"
"1144","2021-05-15","台中市","全區","1","6"
"1145","2021-05-15","台中市","龍井區","1","1"
"1146","2021-05-15","台北市","全區","86","108"
"1147","2021-05-15","台北市","萬華區","55","61"
"1148","2021-05-15","台北市","大安區","3","7"
"1149","2021-05-15","台北市","內湖區","1","7"
"1150","2021-05-15","台北市","北投區","5","7"
"1151","2021-05-15","台北市","大同區","4","5"
"1152","2021-05-15","台北市","中正區","5","5"
"1153","2021-05-15","台北市","松山區","5","5"
"1154","2021-05-15","台北市","信義區","3","4"
"1155","2021-05-15","台北市","南港區","4","4"
"1156","2021-05-15","台北市","文山區","1","3"
"1157","2021-05-15","基隆市","全區","1","3"
"1158","2021-05-15","基隆市","中山區","1","1"
"1159","2021-05-15","宜蘭縣","全區","4","13"
"1160","2021-05-15","宜蘭縣","羅東鎮","2","4"
"1161","2021-05-15","宜蘭縣","五結鄉","1","3"
"1162","2021-05-15","宜蘭縣","宜蘭市","1","1"
"1163","2021-05-15","彰化縣","全區","6","10"
"1164","2021-05-15","彰化縣","溪湖鎮","3","3"
"1165","2021-05-15","彰化縣","田中鎮","2","2"
"1166","2021-05-15","彰化縣","福興鄉","1","1"
"1167","2021-05-15","新北市","全區","79","140"
"1168","2021-05-15","新北市","板橋區","20","25"
"1169","2021-05-15","新北市","三重區","9","19"
"1170","2021-05-15","新北市","中和區","9","16"
"1171","2021-05-15","新北市","新莊區","12","16"
"1172","2021-05-15","新北市","永和區","5","14"
"1173","2021-05-15","新北市","蘆洲區","6","11"
"1174","2021-05-15","新北市","新店區","2","8"
"1175","2021-05-15","新北市","土城區","4","7"
"1176","2021-05-15","新北市","五股區","4","7"
"1177","2021-05-15","新北市","淡水區","3","5"
"1178","2021-05-15","新北市","汐止區","1","3"
"1179","2021-05-15","新北市","樹林區","2","3"
"1180","2021-05-15","新北市","八里區","1","1"
"1181","2021-05-15","新北市","三峽區","1","1"
"1182","2021-05-15","桃園市","全區","4","57"
"1183","2021-05-15","桃園市","桃園區","2","21"
"1184","2021-05-15","桃園市","龜山區","1","10"
"1185","2021-05-15","桃園市","平鎮區","1","2"
"1186","2021-05-15","空值","全區","5","1131"
"1187","2021-05-15","空值","空值","5","1131"
"1188","2021-05-14","台北市","全區","6","22"
"1189","2021-05-14","台北市","萬華區","4","6"
"1190","2021-05-14","台北市","大安區","1","4"
"1191","2021-05-14","台北市","北投區","1","2"
"1192","2021-05-14","宜蘭縣","全區","1","9"
"1193","2021-05-14","宜蘭縣","蘇澳鎮","1","1"
"1194","2021-05-14","新北市","全區","16","61"
"1195","2021-05-14","新北市","三重區","3","10"
"1196","2021-05-14","新北市","永和區","3","9"
"1197","2021-05-14","新北市","中和區","3","7"
"1198","2021-05-14","新北市","板橋區","4","5"
"1199","2021-05-14","新北市","新莊區","1","4"
"1200","2021-05-14","新北市","林口區","1","3"
"1201","2021-05-14","新北市","淡水區","1","2"
"1202","2021-05-14","桃園市","全區","3","53"
"1203","2021-05-14","桃園市","桃園區","3","19"
"1204","2021-05-14","空值","全區","5","1126"
"1205","2021-05-14","空值","空值","5","1126"
"1206","2021-05-14","高雄市","全區","1","1"
"1207","2021-05-14","高雄市","小港區","1","1"
"1208","2021-05-13","台北市","全區","2","16"
"1209","2021-05-13","台北市","萬華區","1","2"
"1210","2021-05-13","台北市","北投區","1","1"
"1211","2021-05-13","新北市","全區","7","45"
"1212","2021-05-13","新北市","永和區","2","6"
"1213","2021-05-13","新北市","土城區","1","3"
"1214","2021-05-13","新北市","新莊區","1","3"
"1215","2021-05-13","新北市","板橋區","1","1"
"1216","2021-05-13","新北市","萬里區","1","1"
"1217","2021-05-13","新北市","樹林區","1","1"
"1218","2021-05-13","桃園市","全區","4","50"
"1219","2021-05-13","桃園市","桃園區","2","16"
"1220","2021-05-13","桃園市","中壢區","1","7"
"1221","2021-05-13","桃園市","八德區","1","3"
"1222","2021-05-13","空值","全區","12","1121"
"1223","2021-05-13","空值","空值","12","1121"
"1224","2021-05-12","台北市","全區","1","14"
"1225","2021-05-12","台北市","萬華區","1","1"
"1226","2021-05-12","基隆市","全區","1","2"
"1227","2021-05-12","基隆市","中正區","1","1"
"1228","2021-05-12","宜蘭縣","全區","3","8"
"1229","2021-05-12","宜蘭縣","冬山鄉","1","3"
"1230","2021-05-12","宜蘭縣","五結鄉","1","2"
"1231","2021-05-12","宜蘭縣","頭城鎮","1","1"
"1232","2021-05-12","新北市","全區","11","38"
"1233","2021-05-12","新北市","三重區","4","7"
"1234","2021-05-12","新北市","蘆洲區","3","5"
"1235","2021-05-12","新北市","中和區","1","4"
"1236","2021-05-12","新北市","五股區","2","3"
"1237","2021-05-12","新北市","新莊區","1","2"
"1238","2021-05-12","空值","全區","5","1109"
"1239","2021-05-12","空值","空值","5","1109"
"1240","2021-05-11","台北市","全區","1","13"
"1241","2021-05-11","台北市","內湖區","1","6"
"1242","2021-05-11","宜蘭縣","全區","5","5"
"1243","2021-05-11","宜蘭縣","冬山鄉","2","2"
"1244","2021-05-11","宜蘭縣","羅東鎮","2","2"
"1245","2021-05-11","宜蘭縣","五結鄉","1","1"
"1246","2021-05-11","新北市","全區","1","27"
"1247","2021-05-11","新北市","蘆洲區","1","2"
"1248","2021-05-11","空值","全區","4","1104"
"1249","2021-05-11","空值","空值","4","1104"
"1250","2021-05-10","新北市","全區","2","26"
"1251","2021-05-10","新北市","土城區","2","2"
"1252","2021-05-10","桃園市","全區","1","46"
"1253","2021-05-10","桃園市","桃園區","1","14"
"1254","2021-05-10","空值","全區","12","1100"
"1255","2021-05-10","空值","空值","12","1100"
"1256","2021-05-09","空值","全區","1","1088"
"1257","2021-05-09","空值","空值","1","1088"
"1258","2021-05-08","台北市","全區","1","12"
"1259","2021-05-08","台北市","內湖區","1","5"
"1260","2021-05-08","空值","全區","4","1087"
"1261","2021-05-08","空值","空值","4","1087"
"1262","2021-05-07","空值","全區","5","1083"
"1263","2021-05-07","空值","空值","5","1083"
"1264","2021-05-06","桃園市","全區","1","45"
"1265","2021-05-06","桃園市","中壢區","1","6"
"1266","2021-05-06","空值","全區","12","1078"
"1267","2021-05-06","空值","空值","12","1078"
"1268","2021-05-05","空值","全區","7","1066"
"1269","2021-05-05","空值","空值","7","1066"
"1270","2021-05-04","空值","全區","8","1059"
"1271","2021-05-04","空值","空值","8","1059"
"1272","2021-05-03","新北市","全區","1","24"
"1273","2021-05-03","新北市","蘆洲區","1","1"
"1274","2021-05-03","桃園市","全區","1","44"
"1275","2021-05-03","桃園市","蘆竹區","1","13"
"1276","2021-05-03","空值","全區","6","1051"
"1277","2021-05-03","空值","空值","6","1051"
"1278","2021-05-02","台北市","全區","1","11"
"1279","2021-05-02","台北市","大安區","1","3"
"1280","2021-05-02","新北市","全區","3","23"
"1281","2021-05-02","新北市","永和區","3","4"
"1282","2021-05-02","空值","全區","1","1045"
"1283","2021-05-02","空值","空值","1","1045"
"1284","2021-05-01","台北市","全區","1","10"
"1285","2021-05-01","台北市","大安區","1","2"
"1286","2021-05-01","空值","全區","3","1044"
"1287","2021-05-01","空值","空值","3","1044"
"1288","2021-04-30","新北市","全區","1","20"
"1289","2021-04-30","新北市","永和區","1","1"
"1290","2021-04-30","桃園市","全區","2","43"
"1291","2021-04-30","桃園市","中壢區","1","5"
"1292","2021-04-30","桃園市","大園區","1","1"
"1293","2021-04-30","空值","全區","4","1041"
"1294","2021-04-30","空值","空值","4","1041"
"1295","2021-04-29","台北市","全區","1","9"
"1296","2021-04-29","台北市","內湖區","1","4"
"1297","2021-04-29","新北市","全區","1","19"
"1298","2021-04-29","新北市","三重區","1","3"
"1299","2021-04-29","空值","全區","3","1037"
"1300","2021-04-29","空值","空值","3","1037"
"1301","2021-04-28","桃園市","全區","3","41"
"1302","2021-04-28","桃園市","桃園區","1","13"
"1303","2021-04-28","桃園市","蘆竹區","1","12"
"1304","2021-04-28","桃園市","龜山區","1","9"
"1305","2021-04-28","空值","全區","3","1034"
"1306","2021-04-28","空值","空值","3","1034"
"1307","2021-04-27","桃園市","全區","1","38"
"1308","2021-04-27","桃園市","蘆竹區","1","11"
"1309","2021-04-27","空值","全區","5","1031"
"1310","2021-04-27","空值","空值","5","1031"
"1311","2021-04-26","空值","全區","4","1026"
"1312","2021-04-26","空值","空值","4","1026"
"1313","2021-04-25","空值","全區","3","1022"
"1314","2021-04-25","空值","空值","3","1022"
"1315","2021-04-24","空值","全區","7","1019"
"1316","2021-04-24","空值","空值","7","1019"
"1317","2021-04-23","桃園市","全區","1","37"
"1318","2021-04-23","桃園市","蘆竹區","1","10"
"1319","2021-04-23","空值","全區","3","1012"
"1320","2021-04-23","空值","空值","3","1012"
"1321","2021-04-22","空值","全區","4","1009"
"1322","2021-04-22","空值","空值","4","1009"
"1323","2021-04-21","空值","全區","4","1005"
"1324","2021-04-21","空值","空值","4","1005"
"1325","2021-04-20","空值","全區","2","1001"
"1326","2021-04-20","空值","空值","2","1001"
"1327","2021-04-19","空值","全區","3","999"
"1328","2021-04-19","空值","空值","3","999"
"1329","2021-04-18","空值","全區","1","996"
"1330","2021-04-18","空值","空值","1","996"
"1331","2021-04-17","空值","全區","2","995"
"1332","2021-04-17","空值","空值","2","995"
"1333","2021-04-16","空值","全區","2","993"
"1334","2021-04-16","空值","空值","2","993"
"1335","2021-04-15","空值","全區","1","991"
"1336","2021-04-15","空值","空值","1","991"
"1337","2021-04-14","空值","全區","5","990"
"1338","2021-04-14","空值","空值","5","990"
"1339","2021-04-13","空值","全區","4","985"
"1340","2021-04-13","空值","空值","4","985"
"1341","2021-04-12","空值","全區","1","981"
"1342","2021-04-12","空值","空值","1","981"
"1343","2021-04-11","空值","全區","1","980"
"1344","2021-04-11","空值","空值","1","980"
"1345","2021-04-10","空值","全區","2","979"
"1346","2021-04-10","空值","空值","2","979"
"1347","2021-04-09","空值","全區","4","977"
"1348","2021-04-09","空值","空值","4","977"
"1349","2021-04-06","空值","全區","2","973"
"1350","2021-04-06","空值","空值","2","973"
"1351","2021-04-05","空值","全區","1","971"
"1352","2021-04-05","空值","空值","1","971"
"1353","2021-04-04","空值","全區","2","970"
"1354","2021-04-04","空值","空值","2","970"
"1355","2021-04-03","空值","全區","6","968"
"1356","2021-04-03","空值","空值","6","968"
"1357","2021-04-02","空值","全區","3","962"
"1358","2021-04-02","空值","空值","3","962"
"1359","2021-04-01","空值","全區","6","959"
"1360","2021-04-01","空值","空值","6","959"
"1361","2021-03-31","空值","全區","6","953"
"1362","2021-03-31","空值","空值","6","953"
"1363","2021-03-30","空值","全區","1","947"
"1364","2021-03-30","空值","空值","1","947"
"1365","2021-03-29","空值","全區","1","946"
"1366","2021-03-29","空值","空值","1","946"
"1367","2021-03-28","空值","全區","2","945"
"1368","2021-03-28","空值","空值","2","945"
"1369","2021-03-27","空值","全區","7","943"
"1370","2021-03-27","空值","空值","7","943"
"1371","2021-03-26","空值","全區","1","936"
"1372","2021-03-26","空值","空值","1","936"
"1373","2021-03-25","空值","全區","3","935"
"1374","2021-03-25","空值","空值","3","935"
"1375","2021-03-24","空值","全區","2","932"
"1376","2021-03-24","空值","空值","2","932"
"1377","2021-03-23","空值","全區","1","930"
"1378","2021-03-23","空值","空值","1","930"
"1379","2021-03-21","空值","全區","1","929"
"1380","2021-03-21","空值","空值","1","929"
"1381","2021-03-20","空值","全區","1","928"
"1382","2021-03-20","空值","空值","1","928"
"1383","2021-03-19","空值","全區","6","927"
"1384","2021-03-19","空值","空值","6","927"
"1385","2021-03-18","空值","全區","8","921"
"1386","2021-03-18","空值","空值","8","921"
"1387","2021-03-15","空值","全區","5","913"
"1388","2021-03-15","空值","空值","5","913"
"1389","2021-03-14","空值","全區","1","908"
"1390","2021-03-14","空值","空值","1","908"
"1391","2021-03-12","空值","全區","6","907"
"1392","2021-03-12","空值","空值","6","907"
"1393","2021-03-10","空值","全區","1","901"
"1394","2021-03-10","空值","空值","1","901"
"1395","2021-03-09","空值","全區","1","900"
"1396","2021-03-09","空值","空值","1","900"
"1397","2021-03-08","空值","全區","7","899"
"1398","2021-03-08","空值","空值","7","899"
"1399","2021-03-07","空值","全區","2","892"
"1400","2021-03-07","空值","空值","2","892"
"1401","2021-03-06","空值","全區","7","890"
"1402","2021-03-06","空值","空值","7","890"
"1403","2021-03-04","空值","全區","2","883"
"1404","2021-03-04","空值","空值","2","883"
"1405","2021-03-03","空值","全區","3","881"
"1406","2021-03-03","空值","空值","3","881"
"1407","2021-02-28","空值","全區","1","878"
"1408","2021-02-28","空值","空值","1","878"
"1409","2021-02-27","空值","全區","3","877"
"1410","2021-02-27","空值","空值","3","877"
"1411","2021-02-25","空值","全區","5","874"
"1412","2021-02-25","空值","空值","5","874"
"1413","2021-02-24","空值","全區","4","869"
"1414","2021-02-24","空值","空值","4","869"
"1415","2021-02-20","空值","全區","1","865"
"1416","2021-02-20","空值","空值","1","865"
"1417","2021-02-19","空值","全區","1","864"
"1418","2021-02-19","空值","空值","1","864"
"1419","2021-02-18","空值","全區","2","863"
"1420","2021-02-18","空值","空值","2","863"
"1421","2021-02-17","空值","全區","1","861"
"1422","2021-02-17","空值","空值","1","861"
"1423","2021-02-12","空值","全區","1","860"
"1424","2021-02-12","空值","空值","1","860"
"1425","2021-02-11","空值","全區","1","859"
"1426","2021-02-11","空值","空值","1","859"
"1427","2021-02-10","空值","全區","2","858"
"1428","2021-02-10","空值","空值","2","858"
"1429","2021-02-09","桃園市","全區","1","36"
"1430","2021-02-09","桃園市","龜山區","1","8"
"1431","2021-02-09","空值","全區","4","856"
"1432","2021-02-09","空值","空值","4","856"
"1433","2021-02-08","空值","全區","1","852"
"1434","2021-02-08","空值","空值","1","852"
"1435","2021-02-07","空值","全區","3","851"
"1436","2021-02-07","空值","空值","3","851"
"1437","2021-02-06","空值","全區","1","848"
"1438","2021-02-06","空值","空值","1","848"
"1439","2021-02-05","桃園市","全區","1","35"
"1440","2021-02-05","桃園市","蘆竹區","1","9"
"1441","2021-02-05","空值","全區","3","847"
"1442","2021-02-05","空值","空值","3","847"
"1443","2021-02-04","空值","全區","2","844"
"1444","2021-02-04","空值","空值","2","844"
"1445","2021-02-03","空值","全區","2","842"
"1446","2021-02-03","空值","空值","2","842"
"1447","2021-02-02","空值","全區","3","840"
"1448","2021-02-02","空值","空值","3","840"
"1449","2021-02-01","空值","全區","1","837"
"1450","2021-02-01","空值","空值","1","837"
"1451","2021-01-31","空值","全區","2","836"
"1452","2021-01-31","空值","空值","2","836"
"1453","2021-01-30","桃園市","全區","4","34"
"1454","2021-01-30","桃園市","桃園區","3","12"
"1455","2021-01-30","桃園市","蘆竹區","1","8"
"1456","2021-01-30","空值","全區","6","834"
"1457","2021-01-30","空值","空值","6","834"
"1458","2021-01-29","空值","全區","4","828"
"1459","2021-01-29","空值","空值","4","828"
"1460","2021-01-28","空值","全區","2","824"
"1461","2021-01-28","空值","空值","2","824"
"1462","2021-01-27","空值","全區","3","822"
"1463","2021-01-27","空值","空值","3","822"
"1464","2021-01-26","空值","全區","1","819"
"1465","2021-01-26","空值","空值","1","819"
"1466","2021-01-25","空值","全區","2","818"
"1467","2021-01-25","空值","空值","2","818"
"1468","2021-01-24","桃園市","全區","2","30"
"1469","2021-01-24","桃園市","八德區","2","2"
"1470","2021-01-24","空值","全區","1","816"
"1471","2021-01-24","空值","空值","1","816"
"1472","2021-01-23","桃園市","全區","1","28"
"1473","2021-01-23","桃園市","桃園區","1","9"
"1474","2021-01-23","空值","全區","2","815"
"1475","2021-01-23","空值","空值","2","815"
"1476","2021-01-22","桃園市","全區","2","27"
"1477","2021-01-22","桃園市","桃園區","2","8"
"1478","2021-01-22","空值","全區","6","813"
"1479","2021-01-22","空值","空值","6","813"
"1480","2021-01-21","空值","全區","3","807"
"1481","2021-01-21","空值","空值","3","807"
"1482","2021-01-20","桃園市","全區","1","25"
"1483","2021-01-20","桃園市","蘆竹區","1","7"
"1484","2021-01-20","空值","全區","1","804"
"1485","2021-01-20","空值","空值","1","804"
"1486","2021-01-19","桃園市","全區","4","24"
"1487","2021-01-19","桃園市","桃園區","2","6"
"1488","2021-01-19","桃園市","中壢區","1","4"
"1489","2021-01-19","桃園市","平鎮區","1","1"
"1490","2021-01-19","空值","全區","2","803"
"1491","2021-01-19","空值","空值","2","803"
"1492","2021-01-18","桃園市","全區","1","20"
"1493","2021-01-18","桃園市","桃園區","1","4"
"1494","2021-01-18","空值","全區","6","801"
"1495","2021-01-18","空值","空值","6","801"
"1496","2021-01-17","桃園市","全區","1","19"
"1497","2021-01-17","桃園市","中壢區","1","3"
"1498","2021-01-17","空值","全區","3","795"
"1499","2021-01-17","空值","空值","3","795"
"1500","2021-01-16","桃園市","全區","1","18"
"1501","2021-01-16","桃園市","桃園區","1","3"
"1502","2021-01-16","空值","全區","7","792"
"1503","2021-01-16","空值","空值","7","792"
"1504","2021-01-15","空值","全區","1","785"
"1505","2021-01-15","空值","空值","1","785"
"1506","2021-01-13","空值","全區","4","784"
"1507","2021-01-13","空值","空值","4","784"
"1508","2021-01-12","桃園市","全區","2","17"
"1509","2021-01-12","桃園市","蘆竹區","1","6"
"1510","2021-01-12","桃園市","桃園區","1","2"
"1511","2021-01-12","空值","全區","2","780"
"1512","2021-01-12","空值","空值","2","780"
"1513","2021-01-11","空值","全區","6","778"
"1514","2021-01-11","空值","空值","6","778"
"1515","2021-01-09","空值","全區","3","772"
"1516","2021-01-09","空值","空值","3","772"
"1517","2021-01-08","空值","全區","3","769"
"1518","2021-01-08","空值","空值","3","769"
"1519","2021-01-07","空值","全區","3","766"
"1520","2021-01-07","空值","空值","3","766"
"1521","2021-01-06","空值","全區","2","763"
"1522","2021-01-06","空值","空值","2","763"
"1523","2021-01-05","空值","全區","2","761"
"1524","2021-01-05","空值","空值","2","761"
"1525","2021-01-04","空值","全區","3","759"
"1526","2021-01-04","空值","空值","3","759"
"1527","2021-01-03","空值","全區","4","756"
"1528","2021-01-03","空值","空值","4","756"
"1529","2021-01-02","空值","全區","6","752"
"1530","2021-01-02","空值","空值","6","752"
"1531","2021-01-01","空值","全區","3","746"
"1532","2021-01-01","空值","空值","3","746"
"1533","2020-12-31","空值","全區","2","743"
"1534","2020-12-31","空值","空值","2","743"
"1535","2020-12-30","空值","全區","2","741"
"1536","2020-12-30","空值","空值","2","741"
"1537","2020-12-29","空值","全區","2","739"
"1538","2020-12-29","空值","空值","2","739"
"1539","2020-12-28","空值","全區","8","737"
"1540","2020-12-28","空值","空值","8","737"
"1541","2020-12-27","空值","全區","2","729"
"1542","2020-12-27","空值","空值","2","729"
"1543","2020-12-26","空值","全區","3","727"
"1544","2020-12-26","空值","空值","3","727"
"1545","2020-12-25","空值","全區","4","724"
"1546","2020-12-25","空值","空值","4","724"
"1547","2020-12-23","空值","全區","6","720"
"1548","2020-12-23","空值","空值","6","720"
"1549","2020-12-22","桃園市","全區","1","15"
"1550","2020-12-22","桃園市","龜山區","1","7"
"1551","2020-12-22","空值","全區","3","714"
"1552","2020-12-22","空值","空值","3","714"
"1553","2020-12-20","空值","全區","3","711"
"1554","2020-12-20","空值","空值","3","711"
"1555","2020-12-19","空值","全區","4","708"
"1556","2020-12-19","空值","空值","4","708"
"1557","2020-12-18","空值","全區","2","704"
"1558","2020-12-18","空值","空值","2","704"
"1559","2020-12-17","空值","全區","8","702"
"1560","2020-12-17","空值","空值","8","702"
"1561","2020-12-16","空值","全區","7","694"
"1562","2020-12-16","空值","空值","7","694"
"1563","2020-12-15","空值","全區","2","687"
"1564","2020-12-15","空值","空值","2","687"
"1565","2020-12-14","空值","全區","4","685"
"1566","2020-12-14","空值","空值","4","685"
"1567","2020-12-13","空值","全區","3","681"
"1568","2020-12-13","空值","空值","3","681"
"1569","2020-12-12","空值","全區","8","678"
"1570","2020-12-12","空值","空值","8","678"
"1571","2020-12-11","空值","全區","1","670"
"1572","2020-12-11","空值","空值","1","670"
"1573","2020-12-10","空值","全區","4","669"
"1574","2020-12-10","空值","空值","4","669"
"1575","2020-12-09","空值","全區","2","665"
"1576","2020-12-09","空值","空值","2","665"
"1577","2020-12-08","空值","全區","2","663"
"1578","2020-12-08","空值","空值","2","663"
"1579","2020-12-06","空值","全區","22","661"
"1580","2020-12-06","空值","空值","22","661"
"1581","2020-12-05","空值","全區","4","639"
"1582","2020-12-05","空值","空值","4","639"
"1583","2020-12-04","空值","全區","4","635"
"1584","2020-12-04","空值","空值","4","635"
"1585","2020-12-03","空值","全區","1","631"
"1586","2020-12-03","空值","空值","1","631"
"1587","2020-12-02","空值","全區","6","630"
"1588","2020-12-02","空值","空值","6","630"
"1589","2020-12-01","空值","全區","4","624"
"1590","2020-12-01","空值","空值","4","624"
"1591","2020-11-30","空值","全區","24","620"
"1592","2020-11-30","空值","空值","24","620"
"1593","2020-11-29","空值","全區","3","596"
"1594","2020-11-29","空值","空值","3","596"
"1595","2020-11-28","空值","全區","9","593"
"1596","2020-11-28","空值","空值","9","593"
"1597","2020-11-27","空值","全區","14","584"
"1598","2020-11-27","空值","空值","14","584"
"1599","2020-11-26","空值","全區","2","570"
"1600","2020-11-26","空值","空值","2","570"
"1601","2020-11-25","空值","全區","5","568"
"1602","2020-11-25","空值","空值","5","568"
"1603","2020-11-23","空值","全區","1","563"
"1604","2020-11-23","空值","空值","1","563"
"1605","2020-11-22","空值","全區","6","562"
"1606","2020-11-22","空值","空值","6","562"
"1607","2020-11-20","空值","全區","2","556"
"1608","2020-11-20","空值","空值","2","556"
"1609","2020-11-19","空值","全區","2","554"
"1610","2020-11-19","空值","空值","2","554"
"1611","2020-11-18","空值","全區","2","552"
"1612","2020-11-18","空值","空值","2","552"
"1613","2020-11-17","空值","全區","2","550"
"1614","2020-11-17","空值","空值","2","550"
"1615","2020-11-16","空值","全區","1","548"
"1616","2020-11-16","空值","空值","1","548"
"1617","2020-11-15","空值","全區","2","547"
"1618","2020-11-15","空值","空值","2","547"
"1619","2020-11-14","空值","全區","3","545"
"1620","2020-11-14","空值","空值","3","545"
"1621","2020-11-13","空值","全區","8","542"
"1622","2020-11-13","空值","空值","8","542"
"1623","2020-11-12","空值","全區","5","534"
"1624","2020-11-12","空值","空值","5","534"
"1625","2020-11-11","空值","全區","4","529"
"1626","2020-11-11","空值","空值","4","529"
"1627","2020-11-10","空值","全區","2","525"
"1628","2020-11-10","空值","空值","2","525"
"1629","2020-11-09","空值","全區","1","523"
"1630","2020-11-09","空值","空值","1","523"
"1631","2020-11-08","空值","全區","4","522"
"1632","2020-11-08","空值","空值","4","522"
"1633","2020-11-06","空值","全區","4","518"
"1634","2020-11-06","空值","空值","4","518"
"1635","2020-11-05","空值","全區","1","514"
"1636","2020-11-05","空值","空值","1","514"
"1637","2020-11-04","空值","全區","1","513"
"1638","2020-11-04","空值","空值","1","513"
"1639","2020-11-03","空值","全區","4","512"
"1640","2020-11-03","空值","空值","4","512"
"1641","2020-11-02","空值","全區","5","508"
"1642","2020-11-02","空值","空值","5","508"
"1643","2020-11-01","空值","全區","3","503"
"1644","2020-11-01","空值","空值","3","503"
"1645","2020-10-31","空值","全區","1","500"
"1646","2020-10-31","空值","空值","1","500"
"1647","2020-10-30","空值","全區","1","499"
"1648","2020-10-30","空值","空值","1","499"
"1649","2020-10-29","空值","全區","3","498"
"1650","2020-10-29","空值","空值","3","498"
"1651","2020-10-28","空值","全區","1","495"
"1652","2020-10-28","空值","空值","1","495"
"1653","2020-10-24","空值","全區","2","494"
"1654","2020-10-24","空值","空值","2","494"
"1655","2020-10-22","空值","全區","4","492"
"1656","2020-10-22","空值","空值","4","492"
"1657","2020-10-21","空值","全區","1","488"
"1658","2020-10-21","空值","空值","1","488"
"1659","2020-10-20","空值","全區","3","487"
"1660","2020-10-20","空值","空值","3","487"
"1661","2020-10-19","空值","全區","5","484"
"1662","2020-10-19","空值","空值","5","484"
"1663","2020-10-16","空值","全區","4","479"
"1664","2020-10-16","空值","空值","4","479"
"1665","2020-10-15","空值","全區","1","475"
"1666","2020-10-15","空值","空值","1","475"
"1667","2020-10-12","空值","全區","2","474"
"1668","2020-10-12","空值","空值","2","474"
"1669","2020-10-09","空值","全區","3","472"
"1670","2020-10-09","空值","空值","3","472"
"1671","2020-10-08","空值","全區","1","469"
"1672","2020-10-08","空值","空值","1","469"
"1673","2020-10-07","空值","全區","2","468"
"1674","2020-10-07","空值","空值","2","468"
"1675","2020-10-06","空值","全區","3","466"
"1676","2020-10-06","空值","空值","3","466"
"1677","2020-10-05","空值","全區","1","463"
"1678","2020-10-05","空值","空值","1","463"
"1679","2020-10-02","空值","全區","2","462"
"1680","2020-10-02","空值","空值","2","462"
"1681","2020-10-01","空值","全區","1","460"
"1682","2020-10-01","空值","空值","1","460"
"1683","2020-09-30","空值","全區","1","459"
"1684","2020-09-30","空值","空值","1","459"
"1685","2020-09-28","空值","全區","3","458"
"1686","2020-09-28","空值","空值","3","458"
"1687","2020-09-25","空值","全區","1","455"
"1688","2020-09-25","空值","空值","1","455"
"1689","2020-09-21","空值","全區","2","454"
"1690","2020-09-21","空值","空值","2","454"
"1691","2020-09-20","空值","全區","1","452"
"1692","2020-09-20","空值","空值","1","452"
"1693","2020-09-19","空值","全區","3","451"
"1694","2020-09-19","空值","空值","3","451"
"1695","2020-09-17","空值","全區","3","448"
"1696","2020-09-17","空值","空值","3","448"
"1697","2020-09-16","空值","全區","1","445"
"1698","2020-09-16","空值","空值","1","445"
"1699","2020-09-14","空值","全區","1","444"
"1700","2020-09-14","空值","空值","1","444"
"1701","2020-09-11","空值","全區","2","443"
"1702","2020-09-11","空值","空值","2","443"
"1703","2020-09-10","空值","全區","1","441"
"1704","2020-09-10","空值","空值","1","441"
"1705","2020-09-08","空值","全區","1","440"
"1706","2020-09-08","空值","空值","1","440"
"1707","2020-09-07","空值","全區","1","439"
"1708","2020-09-07","空值","空值","1","439"
"1709","2020-09-06","空值","全區","1","438"
"1710","2020-09-06","空值","空值","1","438"
"1711","2020-09-05","空值","全區","2","437"
"1712","2020-09-05","空值","空值","2","437"
"1713","2020-09-04","空值","全區","1","435"
"1714","2020-09-04","空值","空值","1","435"
"1715","2020-09-02","空值","全區","1","434"
"1716","2020-09-02","空值","空值","1","434"
"1717","2020-08-29","空值","全區","1","433"
"1718","2020-08-29","空值","空值","1","433"
"1719","2020-08-21","空值","全區","1","432"
"1720","2020-08-21","空值","空值","1","432"
"1721","2020-08-18","空值","全區","1","431"
"1722","2020-08-18","空值","空值","1","431"
"1723","2020-08-17","空值","全區","2","430"
"1724","2020-08-17","空值","空值","2","430"
"1725","2020-08-16","空值","全區","1","428"
"1726","2020-08-16","空值","空值","1","428"
"1727","2020-08-15","空值","全區","1","427"
"1728","2020-08-15","空值","空值","1","427"
"1729","2020-08-12","空值","全區","1","426"
"1730","2020-08-12","空值","空值","1","426"
"1731","2020-08-09","空值","全區","1","425"
"1732","2020-08-09","空值","空值","1","425"
"1733","2020-08-08","空值","全區","2","424"
"1734","2020-08-08","空值","空值","2","424"
"1735","2020-08-06","空值","全區","1","422"
"1736","2020-08-06","空值","空值","1","422"
"1737","2020-08-04","空值","全區","1","421"
"1738","2020-08-04","空值","空值","1","421"
"1739","2020-08-02","空值","全區","1","420"
"1740","2020-08-02","空值","空值","1","420"
"1741","2020-08-01","空值","全區","7","419"
"1742","2020-08-01","空值","空值","7","419"
"1743","2020-07-28","空值","全區","5","412"
"1744","2020-07-28","空值","空值","5","412"
"1745","2020-07-27","空值","全區","4","407"
"1746","2020-07-27","空值","空值","4","407"
"1747","2020-07-24","空值","全區","3","403"
"1748","2020-07-24","空值","空值","3","403"
"1749","2020-07-19","空值","全區","1","400"
"1750","2020-07-19","空值","空值","1","400"
"1751","2020-07-17","空值","全區","2","399"
"1752","2020-07-17","空值","空值","2","399"
"1753","2020-07-16","空值","全區","1","397"
"1754","2020-07-16","空值","空值","1","397"
"1755","2020-07-10","空值","全區","2","396"
"1756","2020-07-10","空值","空值","2","396"
"1757","2020-07-03","空值","全區","1","394"
"1758","2020-07-03","空值","空值","1","394"
"1759","2020-07-02","空值","全區","1","393"
"1760","2020-07-02","空值","空值","1","393"
"1761","2020-06-25","空值","全區","1","392"
"1762","2020-06-25","空值","空值","1","392"
"1763","2020-06-18","空值","全區","1","391"
"1764","2020-06-18","空值","空值","1","391"
"1765","2020-06-15","空值","全區","2","390"
"1766","2020-06-15","空值","空值","2","390"
"1767","2020-06-01","空值","全區","1","388"
"1768","2020-06-01","空值","空值","1","388"
"1769","2020-05-29","空值","全區","1","387"
"1770","2020-05-29","空值","空值","1","387"
"1771","2020-05-21","空值","全區","1","386"
"1772","2020-05-21","空值","空值","1","386"
"1773","2020-05-07","空值","全區","1","385"
"1774","2020-05-07","空值","空值","1","385"
"1775","2020-05-06","空值","全區","1","384"
"1776","2020-05-06","空值","空值","1","384"
"1777","2020-05-04","空值","全區","3","383"
"1778","2020-05-04","空值","空值","3","383"
"1779","2020-05-03","空值","全區","3","380"
"1780","2020-05-03","空值","空值","3","380"
"1781","2020-05-02","空值","全區","3","377"
"1782","2020-05-02","空值","空值","3","377"
"1783","2020-04-25","空值","全區","1","374"
"1784","2020-04-25","空值","空值","1","374"
"1785","2020-04-24","空值","全區","1","373"
"1786","2020-04-24","空值","空值","1","373"
"1787","2020-04-23","空值","全區","1","372"
"1788","2020-04-23","空值","空值","1","372"
"1789","2020-04-22","空值","全區","1","371"
"1790","2020-04-22","空值","空值","1","371"
"1791","2020-04-21","空值","全區","3","370"
"1792","2020-04-21","空值","空值","3","370"
"1793","2020-04-20","空值","全區","2","367"
"1794","2020-04-20","空值","空值","2","367"
"1795","2020-04-19","空值","全區","22","365"
"1796","2020-04-19","空值","空值","22","365"
"1797","2020-04-18","空值","全區","3","343"
"1798","2020-04-18","空值","空值","3","343"
"1799","2020-04-15","空值","全區","2","340"
"1800","2020-04-15","空值","空值","2","340"
"1801","2020-04-13","空值","全區","5","338"
"1802","2020-04-13","空值","空值","5","338"
"1803","2020-04-12","新北市","全區","1","18"
"1804","2020-04-12","新北市","淡水區","1","1"
"1805","2020-04-12","空值","全區","2","333"
"1806","2020-04-12","空值","空值","2","333"
"1807","2020-04-11","空值","全區","3","331"
"1808","2020-04-11","空值","空值","3","331"
"1809","2020-04-10","空值","全區","2","328"
"1810","2020-04-10","空值","空值","2","328"
"1811","2020-04-09","台北市","全區","1","8"
"1812","2020-04-09","台北市","文山區","1","2"
"1813","2020-04-08","桃園市","全區","1","14"
"1814","2020-04-08","桃園市","蘆竹區","1","5"
"1815","2020-04-08","空值","全區","2","326"
"1816","2020-04-08","空值","空值","2","326"
"1817","2020-04-07","空值","全區","3","324"
"1818","2020-04-07","空值","空值","3","324"
"1819","2020-04-06","新竹市","全區","1","3"
"1820","2020-04-06","新竹市","東區","1","3"
"1821","2020-04-06","空值","全區","9","321"
"1822","2020-04-06","空值","空值","9","321"
"1823","2020-04-05","空值","全區","8","312"
"1824","2020-04-05","空值","空值","8","312"
"1825","2020-04-04","桃園市","全區","1","13"
"1826","2020-04-04","桃園市","龜山區","1","6"
"1827","2020-04-04","空值","全區","6","304"
"1828","2020-04-04","空值","空值","6","304"
"1829","2020-04-03","台北市","全區","1","7"
"1830","2020-04-03","台北市","內湖區","1","3"
"1831","2020-04-03","新竹市","全區","1","2"
"1832","2020-04-03","新竹市","東區","1","2"
"1833","2020-04-03","空值","全區","7","298"
"1834","2020-04-03","空值","空值","7","298"
"1835","2020-04-02","台北市","全區","1","6"
"1836","2020-04-02","台北市","內湖區","1","2"
"1837","2020-04-02","新北市","全區","1","17"
"1838","2020-04-02","新北市","汐止區","1","2"
"1839","2020-04-02","空值","全區","8","291"
"1840","2020-04-02","空值","空值","8","291"
"1841","2020-04-01","空值","全區","7","283"
"1842","2020-04-01","空值","空值","7","283"
"1843","2020-03-31","台北市","全區","1","5"
"1844","2020-03-31","台北市","文山區","1","1"
"1845","2020-03-31","新北市","全區","1","16"
"1846","2020-03-31","新北市","三重區","1","2"
"1847","2020-03-31","空值","全區","14","276"
"1848","2020-03-31","空值","空值","14","276"
"1849","2020-03-30","桃園市","全區","1","12"
"1850","2020-03-30","桃園市","中壢區","1","2"
"1851","2020-03-30","空值","全區","7","262"
"1852","2020-03-30","空值","空值","7","262"
"1853","2020-03-29","台中市","全區","1","5"
"1854","2020-03-29","台中市","大里區","1","1"
"1855","2020-03-29","空值","全區","14","255"
"1856","2020-03-29","空值","空值","14","255"
"1857","2020-03-28","新北市","全區","1","15"
"1858","2020-03-28","新北市","中和區","1","3"
"1859","2020-03-28","桃園市","全區","1","11"
"1860","2020-03-28","桃園市","中壢區","1","1"
"1861","2020-03-28","空值","全區","14","241"
"1862","2020-03-28","空值","空值","14","241"
"1863","2020-03-27","空值","全區","15","227"
"1864","2020-03-27","空值","空值","15","227"
"1865","2020-03-26","台北市","全區","1","4"
"1866","2020-03-26","台北市","大安區","1","1"
"1867","2020-03-26","基隆市","全區","1","1"
"1868","2020-03-26","基隆市","仁愛區","1","1"
"1869","2020-03-26","空值","全區","15","212"
"1870","2020-03-26","空值","空值","15","212"
"1871","2020-03-25","空值","全區","19","197"
"1872","2020-03-25","空值","空值","19","197"
"1873","2020-03-24","新竹市","全區","1","1"
"1874","2020-03-24","新竹市","東區","1","1"
"1875","2020-03-24","空值","全區","20","178"
"1876","2020-03-24","空值","空值","20","178"
"1877","2020-03-23","新北市","全區","1","14"
"1878","2020-03-23","新北市","中和區","1","2"
"1879","2020-03-23","空值","全區","25","158"
"1880","2020-03-23","空值","空值","25","158"
"1881","2020-03-22","台北市","全區","1","3"
"1882","2020-03-22","台北市","信義區","1","1"
"1883","2020-03-22","新北市","全區","1","13"
"1884","2020-03-22","新北市","汐止區","1","1"
"1885","2020-03-22","桃園市","全區","1","10"
"1886","2020-03-22","桃園市","龜山區","1","5"
"1887","2020-03-22","空值","全區","13","133"
"1888","2020-03-22","空值","空值","13","133"
"1889","2020-03-21","空值","全區","19","120"
"1890","2020-03-21","空值","空值","19","120"
"1891","2020-03-20","台中市","全區","1","4"
"1892","2020-03-20","台中市","北區","1","1"
"1893","2020-03-20","台北市","全區","2","2"
"1894","2020-03-20","台北市","大同區","1","1"
"1895","2020-03-20","台北市","內湖區","1","1"
"1896","2020-03-20","空值","全區","23","101"
"1897","2020-03-20","空值","空值","23","101"
"1898","2020-03-19","新北市","全區","1","12"
"1899","2020-03-19","新北市","三重區","1","1"
"1900","2020-03-19","空值","全區","7","78"
"1901","2020-03-19","空值","空值","7","78"
"1902","2020-03-18","台南市","全區","1","1"
"1903","2020-03-18","台南市","新市區","1","1"
"1904","2020-03-18","新北市","全區","1","11"
"1905","2020-03-18","新北市","五股區","1","1"
"1906","2020-03-18","空值","全區","21","71"
"1907","2020-03-18","空值","空值","21","71"
"1908","2020-03-17","空值","全區","11","50"
"1909","2020-03-17","空值","空值","11","50"
"1910","2020-03-16","空值","全區","8","39"
"1911","2020-03-16","空值","空值","8","39"
"1912","2020-03-15","空值","全區","5","31"
"1913","2020-03-15","空值","空值","5","31"
"1914","2020-03-14","空值","全區","3","26"
"1915","2020-03-14","空值","空值","3","26"
"1916","2020-03-13","台中市","全區","1","3"
"1917","2020-03-13","台中市","北屯區","1","1"
"1918","2020-03-12","空值","全區","1","23"
"1919","2020-03-12","空值","空值","1","23"
"1920","2020-03-11","空值","全區","1","22"
"1921","2020-03-11","空值","空值","1","22"
"1922","2020-03-10","桃園市","全區","1","9"
"1923","2020-03-10","桃園市","蘆竹區","1","4"
"1924","2020-03-10","空值","全區","1","21"
"1925","2020-03-10","空值","空值","1","21"
"1926","2020-03-06","桃園市","全區","1","8"
"1927","2020-03-06","桃園市","龜山區","1","4"
"1928","2020-03-05","新北市","全區","1","10"
"1929","2020-03-05","新北市","新店區","1","6"
"1930","2020-03-05","空值","全區","1","20"
"1931","2020-03-05","空值","空值","1","20"
"1932","2020-03-03","桃園市","全區","1","7"
"1933","2020-03-03","桃園市","蘆竹區","1","3"
"1934","2020-03-02","桃園市","全區","1","6"
"1935","2020-03-02","桃園市","蘆竹區","1","2"
"1936","2020-03-01","空值","全區","1","19"
"1937","2020-03-01","空值","空值","1","19"
"1938","2020-02-29","桃園市","全區","4","5"
"1939","2020-02-29","桃園市","龜山區","3","3"
"1940","2020-02-29","桃園市","桃園區","1","1"
"1941","2020-02-29","空值","全區","1","18"
"1942","2020-02-29","空值","空值","1","18"
"1943","2020-02-28","桃園市","全區","1","1"
"1944","2020-02-28","桃園市","蘆竹區","1","1"
"1945","2020-02-28","空值","全區","1","17"
"1946","2020-02-28","空值","空值","1","17"
"1947","2020-02-26","新北市","全區","1","9"
"1948","2020-02-26","新北市","中和區","1","1"
"1949","2020-02-25","新北市","全區","1","8"
"1950","2020-02-25","新北市","新店區","1","5"
"1951","2020-02-24","新北市","全區","2","7"
"1952","2020-02-24","新北市","新店區","2","4"
"1953","2020-02-23","新北市","全區","2","5"
"1954","2020-02-23","新北市","新店區","2","2"
"1955","2020-02-21","新北市","全區","2","3"
"1956","2020-02-21","新北市","林口區","1","2"
"1957","2020-02-21","新北市","新莊區","1","1"
"1958","2020-02-20","新北市","全區","1","1"
"1959","2020-02-20","新北市","林口區","1","1"
"1960","2020-02-19","台中市","全區","1","2"
"1961","2020-02-19","台中市","太平區","1","2"
"1962","2020-02-18","台中市","全區","1","1"
"1963","2020-02-18","台中市","太平區","1","1"
"1964","2020-02-18","彰化縣","全區","1","4"
"1965","2020-02-18","彰化縣","彰化市","1","3"
"1966","2020-02-16","彰化縣","全區","2","3"
"1967","2020-02-16","彰化縣","彰化市","2","2"
"1968","2020-02-09","空值","全區","1","16"
"1969","2020-02-09","空值","空值","1","16"
"1970","2020-02-08","空值","全區","1","15"
"1971","2020-02-08","空值","空值","1","15"
"1972","2020-02-07","空值","全區","2","14"
"1973","2020-02-07","空值","空值","2","14"
"1974","2020-02-06","空值","全區","3","12"
"1975","2020-02-06","空值","空值","3","12"
"1976","2020-02-04","空值","全區","1","9"
"1977","2020-02-04","空值","空值","1","9"
"1978","2020-01-31","空值","全區","1","8"
"1979","2020-01-31","空值","空值","1","8"
"1980","2020-01-30","南投縣","全區","1","1"
"1981","2020-01-30","南投縣","南投市","1","1"
"1982","2020-01-28","彰化縣","全區","1","1"
"1983","2020-01-28","彰化縣","和美鎮","1","1"
"1984","2020-01-28","空值","全區","2","7"
"1985","2020-01-28","空值","空值","2","7"
"1986","2020-01-27","空值","全區","1","5"
"1987","2020-01-27","空值","空值","1","5"
"1988","2020-01-26","空值","全區","1","4"
"1989","2020-01-26","空值","空值","1","4"
"1990","2020-01-24","空值","全區","2","3"
"1991","2020-01-24","空值","空值","2","3"
"1992","2020-01-22","空值","全區","1","1"
"1993","2020-01-22","空值","空值","1","1"